{
    "class" : "HiddenMarkovModel",
    "name" : "None",
    "start" : {
        "class" : "State",
        "distribution" : null,
        "name" : "None-start",
        "weight" : 1.0
    },
    "end" : {
        "class" : "State",
        "distribution" : null,
        "name" : "None-end",
        "weight" : 1.0
    },
    "states" : [
        {
            "class" : "State",
            "distribution" : {
                "class" : "Distribution",
                "name" : "IndependentComponentsDistribution",
                "parameters" : [
                    [
                        {
                            "class" : "Distribution",
                            "name" : "NormalDistribution",
                            "parameters" : [
                                0.005421546854557484,
                                0.02153533706288795
                            ],
                            "frozen" : false
                        },
                        {
                            "class" : "Distribution",
                            "name" : "NormalDistribution",
                            "parameters" : [
                                0.0031409087435144965,
                                0.014577490295647092
                            ],
                            "frozen" : false
                        },
                        {
                            "class" : "Distribution",
                            "name" : "NormalDistribution",
                            "parameters" : [
                                0.0026806283357628503,
                                0.015513114605750899
                            ],
                            "frozen" : false
                        },
                        {
                            "class" : "Distribution",
                            "name" : "NormalDistribution",
                            "parameters" : [
                                0.007205187303756628,
                                0.025353037128186595
                            ],
                            "frozen" : false
                        },
                        {
                            "class" : "Distribution",
                            "name" : "NormalDistribution",
                            "parameters" : [
                                0.014266730122858848,
                                0.038485201279638726
                            ],
                            "frozen" : false
                        },
                        {
                            "class" : "Distribution",
                            "name" : "NormalDistribution",
                            "parameters" : [
                                0.018994391649218786,
                                0.04323261692236971
                            ],
                            "frozen" : false
                        },
                        {
                            "class" : "Distribution",
                            "name" : "NormalDistribution",
                            "parameters" : [
                                0.02350561462970973,
                                0.046481373605901974
                            ],
                            "frozen" : false
                        },
                        {
                            "class" : "Distribution",
                            "name" : "NormalDistribution",
                            "parameters" : [
                                0.028691504920331717,
                                0.05092575624965425
                            ],
                            "frozen" : false
                        },
                        {
                            "class" : "Distribution",
                            "name" : "NormalDistribution",
                            "parameters" : [
                                0.03545528554232985,
                                0.057905505805660645
                            ],
                            "frozen" : false
                        },
                        {
                            "class" : "Distribution",
                            "name" : "NormalDistribution",
                            "parameters" : [
                                0.03838368626921832,
                                0.06283670565263245
                            ],
                            "frozen" : false
                        },
                        {
                            "class" : "Distribution",
                            "name" : "NormalDistribution",
                            "parameters" : [
                                0.04089385432405665,
                                0.06637287695591938
                            ],
                            "frozen" : false
                        },
                        {
                            "class" : "Distribution",
                            "name" : "NormalDistribution",
                            "parameters" : [
                                0.043412331288561964,
                                0.07001101193408225
                            ],
                            "frozen" : false
                        }
                    ],
                    [
                        1.0,
                        1.0,
                        1.0,
                        1.0,
                        1.0,
                        1.0,
                        1.0,
                        1.0,
                        1.0,
                        1.0,
                        1.0,
                        1.0
                    ]
                ],
                "frozen" : false
            },
            "name" : "H0",
            "weight" : 1.0
        },
        {
            "class" : "State",
            "distribution" : {
                "class" : "Distribution",
                "name" : "IndependentComponentsDistribution",
                "parameters" : [
                    [
                        {
                            "class" : "Distribution",
                            "name" : "NormalDistribution",
                            "parameters" : [
                                0.06046094276791446,
                                0.08161263439169164
                            ],
                            "frozen" : false
                        },
                        {
                            "class" : "Distribution",
                            "name" : "NormalDistribution",
                            "parameters" : [
                                0.060410914120432056,
                                0.08363332198897015
                            ],
                            "frozen" : false
                        },
                        {
                            "class" : "Distribution",
                            "name" : "NormalDistribution",
                            "parameters" : [
                                0.06120809380571687,
                                0.0852718919401301
                            ],
                            "frozen" : false
                        },
                        {
                            "class" : "Distribution",
                            "name" : "NormalDistribution",
                            "parameters" : [
                                0.06287931695908311,
                                0.0864061918422261
                            ],
                            "frozen" : false
                        },
                        {
                            "class" : "Distribution",
                            "name" : "NormalDistribution",
                            "parameters" : [
                                0.06314101332126616,
                                0.08639680663776156
                            ],
                            "frozen" : false
                        },
                        {
                            "class" : "Distribution",
                            "name" : "NormalDistribution",
                            "parameters" : [
                                0.060906277836861,
                                0.08628690139785597
                            ],
                            "frozen" : false
                        },
                        {
                            "class" : "Distribution",
                            "name" : "NormalDistribution",
                            "parameters" : [
                                0.060747928617957275,
                                0.08546018493394705
                            ],
                            "frozen" : false
                        },
                        {
                            "class" : "Distribution",
                            "name" : "NormalDistribution",
                            "parameters" : [
                                0.06204508124429417,
                                0.08370067707836615
                            ],
                            "frozen" : false
                        },
                        {
                            "class" : "Distribution",
                            "name" : "NormalDistribution",
                            "parameters" : [
                                0.06063697733790329,
                                0.08213514637544109
                            ],
                            "frozen" : false
                        },
                        {
                            "class" : "Distribution",
                            "name" : "NormalDistribution",
                            "parameters" : [
                                0.05752245977429111,
                                0.08160163405376998
                            ],
                            "frozen" : false
                        },
                        {
                            "class" : "Distribution",
                            "name" : "NormalDistribution",
                            "parameters" : [
                                0.05628712424835765,
                                0.08113711220960076
                            ],
                            "frozen" : false
                        },
                        {
                            "class" : "Distribution",
                            "name" : "NormalDistribution",
                            "parameters" : [
                                0.05625468264005434,
                                0.07899049452087237
                            ],
                            "frozen" : false
                        }
                    ],
                    [
                        1.0,
                        1.0,
                        1.0,
                        1.0,
                        1.0,
                        1.0,
                        1.0,
                        1.0,
                        1.0,
                        1.0,
                        1.0,
                        1.0
                    ]
                ],
                "frozen" : false
            },
            "name" : "H1",
            "weight" : 1.0
        },
        {
            "class" : "State",
            "distribution" : {
                "class" : "Distribution",
                "name" : "IndependentComponentsDistribution",
                "parameters" : [
                    [
                        {
                            "class" : "Distribution",
                            "name" : "NormalDistribution",
                            "parameters" : [
                                0.010367529786323628,
                                0.051024339833132884
                            ],
                            "frozen" : false
                        },
                        {
                            "class" : "Distribution",
                            "name" : "NormalDistribution",
                            "parameters" : [
                                0.009558149807364746,
                                0.0478436956641519
                            ],
                            "frozen" : false
                        },
                        {
                            "class" : "Distribution",
                            "name" : "NormalDistribution",
                            "parameters" : [
                                0.009648372103249826,
                                0.04559496632248477
                            ],
                            "frozen" : false
                        },
                        {
                            "class" : "Distribution",
                            "name" : "NormalDistribution",
                            "parameters" : [
                                0.009114371546533141,
                                0.04459859774790488
                            ],
                            "frozen" : false
                        },
                        {
                            "class" : "Distribution",
                            "name" : "NormalDistribution",
                            "parameters" : [
                                0.008418528004427535,
                                0.04472237915273566
                            ],
                            "frozen" : false
                        },
                        {
                            "class" : "Distribution",
                            "name" : "NormalDistribution",
                            "parameters" : [
                                0.007348214546069804,
                                0.04408855100377811
                            ],
                            "frozen" : false
                        },
                        {
                            "class" : "Distribution",
                            "name" : "NormalDistribution",
                            "parameters" : [
                                0.007496629351967334,
                                0.0442027050154975
                            ],
                            "frozen" : false
                        },
                        {
                            "class" : "Distribution",
                            "name" : "NormalDistribution",
                            "parameters" : [
                                0.007728665161326437,
                                0.045331399595153116
                            ],
                            "frozen" : false
                        },
                        {
                            "class" : "Distribution",
                            "name" : "NormalDistribution",
                            "parameters" : [
                                0.007985806263240233,
                                0.04671501068085495
                            ],
                            "frozen" : false
                        },
                        {
                            "class" : "Distribution",
                            "name" : "NormalDistribution",
                            "parameters" : [
                                0.007027595952874035,
                                0.04745214988248057
                            ],
                            "frozen" : false
                        },
                        {
                            "class" : "Distribution",
                            "name" : "NormalDistribution",
                            "parameters" : [
                                0.006134154735570296,
                                0.047891074551435785
                            ],
                            "frozen" : false
                        },
                        {
                            "class" : "Distribution",
                            "name" : "NormalDistribution",
                            "parameters" : [
                                0.004890452708452315,
                                0.050917446960290005
                            ],
                            "frozen" : false
                        }
                    ],
                    [
                        1.0,
                        1.0,
                        1.0,
                        1.0,
                        1.0,
                        1.0,
                        1.0,
                        1.0,
                        1.0,
                        1.0,
                        1.0,
                        1.0
                    ]
                ],
                "frozen" : false
            },
            "name" : "H2",
            "weight" : 1.0
        },
        {
            "class" : "State",
            "distribution" : {
                "class" : "Distribution",
                "name" : "IndependentComponentsDistribution",
                "parameters" : [
                    [
                        {
                            "class" : "Distribution",
                            "name" : "NormalDistribution",
                            "parameters" : [
                                -0.04186346633358602,
                                0.09421024213734029
                            ],
                            "frozen" : false
                        },
                        {
                            "class" : "Distribution",
                            "name" : "NormalDistribution",
                            "parameters" : [
                                -0.04311095436570331,
                                0.09373549345954998
                            ],
                            "frozen" : false
                        },
                        {
                            "class" : "Distribution",
                            "name" : "NormalDistribution",
                            "parameters" : [
                                -0.04470367567284676,
                                0.09368011049359919
                            ],
                            "frozen" : false
                        },
                        {
                            "class" : "Distribution",
                            "name" : "NormalDistribution",
                            "parameters" : [
                                -0.04665676577770214,
                                0.09509788071924234
                            ],
                            "frozen" : false
                        },
                        {
                            "class" : "Distribution",
                            "name" : "NormalDistribution",
                            "parameters" : [
                                -0.04805251942420336,
                                0.09649701267332168
                            ],
                            "frozen" : false
                        },
                        {
                            "class" : "Distribution",
                            "name" : "NormalDistribution",
                            "parameters" : [
                                -0.04800475274688558,
                                0.0965477300698387
                            ],
                            "frozen" : false
                        },
                        {
                            "class" : "Distribution",
                            "name" : "NormalDistribution",
                            "parameters" : [
                                -0.047861387363298494,
                                0.09568880371986083
                            ],
                            "frozen" : false
                        },
                        {
                            "class" : "Distribution",
                            "name" : "NormalDistribution",
                            "parameters" : [
                                -0.048363581254083784,
                                0.09619618969882028
                            ],
                            "frozen" : false
                        },
                        {
                            "class" : "Distribution",
                            "name" : "NormalDistribution",
                            "parameters" : [
                                -0.04759554203901106,
                                0.09576013298224405
                            ],
                            "frozen" : false
                        },
                        {
                            "class" : "Distribution",
                            "name" : "NormalDistribution",
                            "parameters" : [
                                -0.04590153439253363,
                                0.09533534626413269
                            ],
                            "frozen" : false
                        },
                        {
                            "class" : "Distribution",
                            "name" : "NormalDistribution",
                            "parameters" : [
                                -0.04471488386888192,
                                0.09496699893567181
                            ],
                            "frozen" : false
                        },
                        {
                            "class" : "Distribution",
                            "name" : "NormalDistribution",
                            "parameters" : [
                                -0.043803957939468695,
                                0.09526611261699724
                            ],
                            "frozen" : false
                        }
                    ],
                    [
                        1.0,
                        1.0,
                        1.0,
                        1.0,
                        1.0,
                        1.0,
                        1.0,
                        1.0,
                        1.0,
                        1.0,
                        1.0,
                        1.0
                    ]
                ],
                "frozen" : false
            },
            "name" : "H3",
            "weight" : 1.0
        },
        {
            "class" : "State",
            "distribution" : {
                "class" : "Distribution",
                "name" : "IndependentComponentsDistribution",
                "parameters" : [
                    [
                        {
                            "class" : "Distribution",
                            "name" : "NormalDistribution",
                            "parameters" : [
                                -0.007511703845586106,
                                0.06609850834157795
                            ],
                            "frozen" : false
                        },
                        {
                            "class" : "Distribution",
                            "name" : "NormalDistribution",
                            "parameters" : [
                                -0.006392703208966294,
                                0.064429099358514
                            ],
                            "frozen" : false
                        },
                        {
                            "class" : "Distribution",
                            "name" : "NormalDistribution",
                            "parameters" : [
                                -0.006207937462777333,
                                0.06336682031935835
                            ],
                            "frozen" : false
                        },
                        {
                            "class" : "Distribution",
                            "name" : "NormalDistribution",
                            "parameters" : [
                                -0.005746233377956937,
                                0.06356026973919071
                            ],
                            "frozen" : false
                        },
                        {
                            "class" : "Distribution",
                            "name" : "NormalDistribution",
                            "parameters" : [
                                -0.0043059324285402815,
                                0.06301356101766825
                            ],
                            "frozen" : false
                        },
                        {
                            "class" : "Distribution",
                            "name" : "NormalDistribution",
                            "parameters" : [
                                -0.0033794477196824805,
                                0.062049559109245755
                            ],
                            "frozen" : false
                        },
                        {
                            "class" : "Distribution",
                            "name" : "NormalDistribution",
                            "parameters" : [
                                -0.003540906236559455,
                                0.062319932016551026
                            ],
                            "frozen" : false
                        },
                        {
                            "class" : "Distribution",
                            "name" : "NormalDistribution",
                            "parameters" : [
                                -0.004817417772959199,
                                0.06303181353303848
                            ],
                            "frozen" : false
                        },
                        {
                            "class" : "Distribution",
                            "name" : "NormalDistribution",
                            "parameters" : [
                                -0.0064045662557053185,
                                0.062350034724416005
                            ],
                            "frozen" : false
                        },
                        {
                            "class" : "Distribution",
                            "name" : "NormalDistribution",
                            "parameters" : [
                                -0.006501267233859595,
                                0.060968125542853226
                            ],
                            "frozen" : false
                        },
                        {
                            "class" : "Distribution",
                            "name" : "NormalDistribution",
                            "parameters" : [
                                -0.006845860116251881,
                                0.06086181897305065
                            ],
                            "frozen" : false
                        },
                        {
                            "class" : "Distribution",
                            "name" : "NormalDistribution",
                            "parameters" : [
                                -0.006981191757345402,
                                0.06325508170192382
                            ],
                            "frozen" : false
                        }
                    ],
                    [
                        1.0,
                        1.0,
                        1.0,
                        1.0,
                        1.0,
                        1.0,
                        1.0,
                        1.0,
                        1.0,
                        1.0,
                        1.0,
                        1.0
                    ]
                ],
                "frozen" : false
            },
            "name" : "H4",
            "weight" : 1.0
        },
        {
            "class" : "State",
            "distribution" : null,
            "name" : "None-start",
            "weight" : 1.0
        },
        {
            "class" : "State",
            "distribution" : null,
            "name" : "None-end",
            "weight" : 1.0
        }
    ],
    "end_index" : 6,
    "start_index" : 5,
    "silent_index" : 5,
    "edges" : [
        [
            5,
            0,
            1.0,
            1,
            null
        ],
        [
            0,
            0,
            0.42247483668499125,
            0.5,
            null
        ],
        [
            0,
            1,
            0.5775251633150087,
            0.5,
            null
        ],
        [
            1,
            1,
            0.8541003301311515,
            0.5,
            null
        ],
        [
            1,
            2,
            0.14589966986884842,
            0.5,
            null
        ],
        [
            2,
            2,
            0.8743750291572641,
            0.5,
            null
        ],
        [
            2,
            3,
            0.12562497084273597,
            0.5,
            null
        ],
        [
            3,
            3,
            0.8940205562409895,
            0.5,
            null
        ],
        [
            3,
            4,
            0.1059794437590105,
            0.5,
            null
        ],
        [
            4,
            4,
            0.9099126274362432,
            0.5,
            null
        ],
        [
            4,
            6,
            0.09008737256375687,
            0.5,
            null
        ]
    ],
    "distribution ties" : []
}