{
    "class" : "HiddenMarkovModel",
    "name" : "None",
    "start" : {
        "class" : "State",
        "distribution" : null,
        "name" : "None-start",
        "weight" : 1.0
    },
    "end" : {
        "class" : "State",
        "distribution" : null,
        "name" : "None-end",
        "weight" : 1.0
    },
    "states" : [
        {
            "class" : "State",
            "distribution" : {
                "class" : "Distribution",
                "name" : "IndependentComponentsDistribution",
                "parameters" : [
                    [
                        {
                            "class" : "Distribution",
                            "name" : "NormalDistribution",
                            "parameters" : [
                                0.0035046129187642824,
                                0.01547142244368832
                            ],
                            "frozen" : false
                        },
                        {
                            "class" : "Distribution",
                            "name" : "NormalDistribution",
                            "parameters" : [
                                0.0005781327504480393,
                                0.010482771339282203
                            ],
                            "frozen" : false
                        },
                        {
                            "class" : "Distribution",
                            "name" : "NormalDistribution",
                            "parameters" : [
                                -0.0002772764183637204,
                                0.010461095741081287
                            ],
                            "frozen" : false
                        },
                        {
                            "class" : "Distribution",
                            "name" : "NormalDistribution",
                            "parameters" : [
                                0.03160250045922949,
                                0.03251900216246294
                            ],
                            "frozen" : false
                        },
                        {
                            "class" : "Distribution",
                            "name" : "NormalDistribution",
                            "parameters" : [
                                0.09319683624332796,
                                0.0723027237006109
                            ],
                            "frozen" : false
                        },
                        {
                            "class" : "Distribution",
                            "name" : "NormalDistribution",
                            "parameters" : [
                                0.0948266186267839,
                                0.09506815915293992
                            ],
                            "frozen" : false
                        },
                        {
                            "class" : "Distribution",
                            "name" : "NormalDistribution",
                            "parameters" : [
                                0.05879227856590308,
                                0.1039676604257989
                            ],
                            "frozen" : false
                        },
                        {
                            "class" : "Distribution",
                            "name" : "NormalDistribution",
                            "parameters" : [
                                0.024512419304085334,
                                0.10333610360082617
                            ],
                            "frozen" : false
                        },
                        {
                            "class" : "Distribution",
                            "name" : "NormalDistribution",
                            "parameters" : [
                                -0.0017693047521260426,
                                0.09534790374625725
                            ],
                            "frozen" : false
                        },
                        {
                            "class" : "Distribution",
                            "name" : "NormalDistribution",
                            "parameters" : [
                                -0.015757396687800046,
                                0.08625250198483948
                            ],
                            "frozen" : false
                        },
                        {
                            "class" : "Distribution",
                            "name" : "NormalDistribution",
                            "parameters" : [
                                -0.015757211392414015,
                                0.08206123874707379
                            ],
                            "frozen" : false
                        },
                        {
                            "class" : "Distribution",
                            "name" : "NormalDistribution",
                            "parameters" : [
                                0.0021724244698069803,
                                0.07985309793571091
                            ],
                            "frozen" : false
                        }
                    ],
                    [
                        1.0,
                        1.0,
                        1.0,
                        1.0,
                        1.0,
                        1.0,
                        1.0,
                        1.0,
                        1.0,
                        1.0,
                        1.0,
                        1.0
                    ]
                ],
                "frozen" : false
            },
            "name" : "H0",
            "weight" : 1.0
        },
        {
            "class" : "State",
            "distribution" : {
                "class" : "Distribution",
                "name" : "IndependentComponentsDistribution",
                "parameters" : [
                    [
                        {
                            "class" : "Distribution",
                            "name" : "NormalDistribution",
                            "parameters" : [
                                0.04663063160617513,
                                0.07361988944586388
                            ],
                            "frozen" : false
                        },
                        {
                            "class" : "Distribution",
                            "name" : "NormalDistribution",
                            "parameters" : [
                                0.07215814134680773,
                                0.06874215200715025
                            ],
                            "frozen" : false
                        },
                        {
                            "class" : "Distribution",
                            "name" : "NormalDistribution",
                            "parameters" : [
                                0.08744721141482836,
                                0.06505299869094834
                            ],
                            "frozen" : false
                        },
                        {
                            "class" : "Distribution",
                            "name" : "NormalDistribution",
                            "parameters" : [
                                0.09350043649023258,
                                0.06179788995580903
                            ],
                            "frozen" : false
                        },
                        {
                            "class" : "Distribution",
                            "name" : "NormalDistribution",
                            "parameters" : [
                                0.09084605354204475,
                                0.05789542765708431
                            ],
                            "frozen" : false
                        },
                        {
                            "class" : "Distribution",
                            "name" : "NormalDistribution",
                            "parameters" : [
                                0.07703481020816712,
                                0.05810436448944246
                            ],
                            "frozen" : false
                        },
                        {
                            "class" : "Distribution",
                            "name" : "NormalDistribution",
                            "parameters" : [
                                0.05752291804136251,
                                0.05906689703009753
                            ],
                            "frozen" : false
                        },
                        {
                            "class" : "Distribution",
                            "name" : "NormalDistribution",
                            "parameters" : [
                                0.03908522632485854,
                                0.05729824473085879
                            ],
                            "frozen" : false
                        },
                        {
                            "class" : "Distribution",
                            "name" : "NormalDistribution",
                            "parameters" : [
                                0.026671436018097964,
                                0.049501098425159866
                            ],
                            "frozen" : false
                        },
                        {
                            "class" : "Distribution",
                            "name" : "NormalDistribution",
                            "parameters" : [
                                0.02082829859392849,
                                0.04460970415978047
                            ],
                            "frozen" : false
                        },
                        {
                            "class" : "Distribution",
                            "name" : "NormalDistribution",
                            "parameters" : [
                                0.020823028841867475,
                                0.04656399097400573
                            ],
                            "frozen" : false
                        },
                        {
                            "class" : "Distribution",
                            "name" : "NormalDistribution",
                            "parameters" : [
                                0.02955871173203451,
                                0.052694299423714716
                            ],
                            "frozen" : false
                        }
                    ],
                    [
                        1.0,
                        1.0,
                        1.0,
                        1.0,
                        1.0,
                        1.0,
                        1.0,
                        1.0,
                        1.0,
                        1.0,
                        1.0,
                        1.0
                    ]
                ],
                "frozen" : false
            },
            "name" : "H1",
            "weight" : 1.0
        },
        {
            "class" : "State",
            "distribution" : {
                "class" : "Distribution",
                "name" : "IndependentComponentsDistribution",
                "parameters" : [
                    [
                        {
                            "class" : "Distribution",
                            "name" : "NormalDistribution",
                            "parameters" : [
                                0.03084400153207965,
                                0.07260860163793617
                            ],
                            "frozen" : false
                        },
                        {
                            "class" : "Distribution",
                            "name" : "NormalDistribution",
                            "parameters" : [
                                0.029242298502538105,
                                0.07050327365824889
                            ],
                            "frozen" : false
                        },
                        {
                            "class" : "Distribution",
                            "name" : "NormalDistribution",
                            "parameters" : [
                                0.026063532764027984,
                                0.0700358487794225
                            ],
                            "frozen" : false
                        },
                        {
                            "class" : "Distribution",
                            "name" : "NormalDistribution",
                            "parameters" : [
                                0.021583129756142797,
                                0.06972746177715904
                            ],
                            "frozen" : false
                        },
                        {
                            "class" : "Distribution",
                            "name" : "NormalDistribution",
                            "parameters" : [
                                0.017640939227154016,
                                0.07099034898905632
                            ],
                            "frozen" : false
                        },
                        {
                            "class" : "Distribution",
                            "name" : "NormalDistribution",
                            "parameters" : [
                                0.016921622891225778,
                                0.07149749199358336
                            ],
                            "frozen" : false
                        },
                        {
                            "class" : "Distribution",
                            "name" : "NormalDistribution",
                            "parameters" : [
                                0.018666931762587626,
                                0.07107196030880907
                            ],
                            "frozen" : false
                        },
                        {
                            "class" : "Distribution",
                            "name" : "NormalDistribution",
                            "parameters" : [
                                0.020375027145934543,
                                0.07588074084425366
                            ],
                            "frozen" : false
                        },
                        {
                            "class" : "Distribution",
                            "name" : "NormalDistribution",
                            "parameters" : [
                                0.02326992170798264,
                                0.07752362685266011
                            ],
                            "frozen" : false
                        },
                        {
                            "class" : "Distribution",
                            "name" : "NormalDistribution",
                            "parameters" : [
                                0.026154227059569886,
                                0.07548552687709073
                            ],
                            "frozen" : false
                        },
                        {
                            "class" : "Distribution",
                            "name" : "NormalDistribution",
                            "parameters" : [
                                0.02813940257331345,
                                0.07476002527658843
                            ],
                            "frozen" : false
                        },
                        {
                            "class" : "Distribution",
                            "name" : "NormalDistribution",
                            "parameters" : [
                                0.02942365960487226,
                                0.07283487446848198
                            ],
                            "frozen" : false
                        }
                    ],
                    [
                        1.0,
                        1.0,
                        1.0,
                        1.0,
                        1.0,
                        1.0,
                        1.0,
                        1.0,
                        1.0,
                        1.0,
                        1.0,
                        1.0
                    ]
                ],
                "frozen" : false
            },
            "name" : "H2",
            "weight" : 1.0
        },
        {
            "class" : "State",
            "distribution" : {
                "class" : "Distribution",
                "name" : "IndependentComponentsDistribution",
                "parameters" : [
                    [
                        {
                            "class" : "Distribution",
                            "name" : "NormalDistribution",
                            "parameters" : [
                                -0.0018662242596220438,
                                0.054282104346097225
                            ],
                            "frozen" : false
                        },
                        {
                            "class" : "Distribution",
                            "name" : "NormalDistribution",
                            "parameters" : [
                                -0.002173683041358445,
                                0.049872703329868436
                            ],
                            "frozen" : false
                        },
                        {
                            "class" : "Distribution",
                            "name" : "NormalDistribution",
                            "parameters" : [
                                -0.002322236065974439,
                                0.04978148435812422
                            ],
                            "frozen" : false
                        },
                        {
                            "class" : "Distribution",
                            "name" : "NormalDistribution",
                            "parameters" : [
                                -0.002780979280561518,
                                0.048537381886165104
                            ],
                            "frozen" : false
                        },
                        {
                            "class" : "Distribution",
                            "name" : "NormalDistribution",
                            "parameters" : [
                                -0.0036589569380237135,
                                0.04943252808096455
                            ],
                            "frozen" : false
                        },
                        {
                            "class" : "Distribution",
                            "name" : "NormalDistribution",
                            "parameters" : [
                                -0.002059444411310261,
                                0.04925841931940775
                            ],
                            "frozen" : false
                        },
                        {
                            "class" : "Distribution",
                            "name" : "NormalDistribution",
                            "parameters" : [
                                0.0014664573667821817,
                                0.04855655320005511
                            ],
                            "frozen" : false
                        },
                        {
                            "class" : "Distribution",
                            "name" : "NormalDistribution",
                            "parameters" : [
                                0.0043951354383166006,
                                0.052568647490514195
                            ],
                            "frozen" : false
                        },
                        {
                            "class" : "Distribution",
                            "name" : "NormalDistribution",
                            "parameters" : [
                                0.0042456812562542785,
                                0.053632590043530305
                            ],
                            "frozen" : false
                        },
                        {
                            "class" : "Distribution",
                            "name" : "NormalDistribution",
                            "parameters" : [
                                0.0023001461731064856,
                                0.05318051212554498
                            ],
                            "frozen" : false
                        },
                        {
                            "class" : "Distribution",
                            "name" : "NormalDistribution",
                            "parameters" : [
                                -0.00402952117219314,
                                0.0555665329292317
                            ],
                            "frozen" : false
                        },
                        {
                            "class" : "Distribution",
                            "name" : "NormalDistribution",
                            "parameters" : [
                                -0.010553211025241144,
                                0.05829745328509127
                            ],
                            "frozen" : false
                        }
                    ],
                    [
                        1.0,
                        1.0,
                        1.0,
                        1.0,
                        1.0,
                        1.0,
                        1.0,
                        1.0,
                        1.0,
                        1.0,
                        1.0,
                        1.0
                    ]
                ],
                "frozen" : false
            },
            "name" : "H3",
            "weight" : 1.0
        },
        {
            "class" : "State",
            "distribution" : {
                "class" : "Distribution",
                "name" : "IndependentComponentsDistribution",
                "parameters" : [
                    [
                        {
                            "class" : "Distribution",
                            "name" : "NormalDistribution",
                            "parameters" : [
                                -0.02739724670861079,
                                0.08115822124763014
                            ],
                            "frozen" : false
                        },
                        {
                            "class" : "Distribution",
                            "name" : "NormalDistribution",
                            "parameters" : [
                                -0.02804452332474929,
                                0.08055862480470284
                            ],
                            "frozen" : false
                        },
                        {
                            "class" : "Distribution",
                            "name" : "NormalDistribution",
                            "parameters" : [
                                -0.02688297650479767,
                                0.08126413290561285
                            ],
                            "frozen" : false
                        },
                        {
                            "class" : "Distribution",
                            "name" : "NormalDistribution",
                            "parameters" : [
                                -0.026113776236278096,
                                0.08164585282998146
                            ],
                            "frozen" : false
                        },
                        {
                            "class" : "Distribution",
                            "name" : "NormalDistribution",
                            "parameters" : [
                                -0.028320062712021195,
                                0.08084717386578674
                            ],
                            "frozen" : false
                        },
                        {
                            "class" : "Distribution",
                            "name" : "NormalDistribution",
                            "parameters" : [
                                -0.028431865513435687,
                                0.0804657379591282
                            ],
                            "frozen" : false
                        },
                        {
                            "class" : "Distribution",
                            "name" : "NormalDistribution",
                            "parameters" : [
                                -0.025578567814045803,
                                0.08111863601370495
                            ],
                            "frozen" : false
                        },
                        {
                            "class" : "Distribution",
                            "name" : "NormalDistribution",
                            "parameters" : [
                                -0.02452137397797445,
                                0.081724961302011
                            ],
                            "frozen" : false
                        },
                        {
                            "class" : "Distribution",
                            "name" : "NormalDistribution",
                            "parameters" : [
                                -0.02558429318546876,
                                0.08300497827913576
                            ],
                            "frozen" : false
                        },
                        {
                            "class" : "Distribution",
                            "name" : "NormalDistribution",
                            "parameters" : [
                                -0.026316775668358366,
                                0.08438455145665136
                            ],
                            "frozen" : false
                        },
                        {
                            "class" : "Distribution",
                            "name" : "NormalDistribution",
                            "parameters" : [
                                -0.026887850772463803,
                                0.08121865282741311
                            ],
                            "frozen" : false
                        },
                        {
                            "class" : "Distribution",
                            "name" : "NormalDistribution",
                            "parameters" : [
                                -0.024452528871597403,
                                0.07913346528721198
                            ],
                            "frozen" : false
                        }
                    ],
                    [
                        1.0,
                        1.0,
                        1.0,
                        1.0,
                        1.0,
                        1.0,
                        1.0,
                        1.0,
                        1.0,
                        1.0,
                        1.0,
                        1.0
                    ]
                ],
                "frozen" : false
            },
            "name" : "H4",
            "weight" : 1.0
        },
        {
            "class" : "State",
            "distribution" : null,
            "name" : "None-start",
            "weight" : 1.0
        },
        {
            "class" : "State",
            "distribution" : null,
            "name" : "None-end",
            "weight" : 1.0
        }
    ],
    "end_index" : 6,
    "start_index" : 5,
    "silent_index" : 5,
    "edges" : [
        [
            5,
            0,
            1.0,
            1,
            null
        ],
        [
            0,
            0,
            2.265829519491677e-111,
            0.5,
            null
        ],
        [
            0,
            1,
            1.0,
            0.5,
            null
        ],
        [
            1,
            1,
            0.5202072782206424,
            0.5,
            null
        ],
        [
            1,
            2,
            0.4797927217793576,
            0.5,
            null
        ],
        [
            2,
            2,
            0.8608666681457464,
            0.5,
            null
        ],
        [
            2,
            3,
            0.1391333318542537,
            0.5,
            null
        ],
        [
            3,
            3,
            0.7999024621687718,
            0.5,
            null
        ],
        [
            3,
            4,
            0.20009753783122813,
            0.5,
            null
        ],
        [
            4,
            4,
            0.8814707475160104,
            0.5,
            null
        ],
        [
            4,
            6,
            0.1185292524839896,
            0.5,
            null
        ]
    ],
    "distribution ties" : []
}