{
    "class" : "HiddenMarkovModel",
    "name" : "None",
    "start" : {
        "class" : "State",
        "distribution" : null,
        "name" : "None-start",
        "weight" : 1.0
    },
    "end" : {
        "class" : "State",
        "distribution" : null,
        "name" : "None-end",
        "weight" : 1.0
    },
    "states" : [
        {
            "class" : "State",
            "distribution" : {
                "class" : "Distribution",
                "name" : "IndependentComponentsDistribution",
                "parameters" : [
                    [
                        {
                            "class" : "Distribution",
                            "name" : "NormalDistribution",
                            "parameters" : [
                                0.023165159666346212,
                                0.08731359010291641
                            ],
                            "frozen" : false
                        },
                        {
                            "class" : "Distribution",
                            "name" : "NormalDistribution",
                            "parameters" : [
                                0.05825587970528952,
                                0.09844860473981319
                            ],
                            "frozen" : false
                        },
                        {
                            "class" : "Distribution",
                            "name" : "NormalDistribution",
                            "parameters" : [
                                0.052076617341717125,
                                0.09388371892203734
                            ],
                            "frozen" : false
                        },
                        {
                            "class" : "Distribution",
                            "name" : "NormalDistribution",
                            "parameters" : [
                                -0.011657603010838447,
                                0.11998547222466911
                            ],
                            "frozen" : false
                        },
                        {
                            "class" : "Distribution",
                            "name" : "NormalDistribution",
                            "parameters" : [
                                -0.07843157714235266,
                                0.1376124499636511
                            ],
                            "frozen" : false
                        },
                        {
                            "class" : "Distribution",
                            "name" : "NormalDistribution",
                            "parameters" : [
                                -0.05811410331406191,
                                0.12488660126648955
                            ],
                            "frozen" : false
                        },
                        {
                            "class" : "Distribution",
                            "name" : "NormalDistribution",
                            "parameters" : [
                                -0.03833376397551596,
                                0.10484495418544795
                            ],
                            "frozen" : false
                        },
                        {
                            "class" : "Distribution",
                            "name" : "NormalDistribution",
                            "parameters" : [
                                -0.027518650072872998,
                                0.09968162548655256
                            ],
                            "frozen" : false
                        },
                        {
                            "class" : "Distribution",
                            "name" : "NormalDistribution",
                            "parameters" : [
                                -0.026294870808571548,
                                0.09303203194482088
                            ],
                            "frozen" : false
                        },
                        {
                            "class" : "Distribution",
                            "name" : "NormalDistribution",
                            "parameters" : [
                                -0.004584034962427418,
                                0.09178041839984948
                            ],
                            "frozen" : false
                        },
                        {
                            "class" : "Distribution",
                            "name" : "NormalDistribution",
                            "parameters" : [
                                0.00036180709350338625,
                                0.09010966004822667
                            ],
                            "frozen" : false
                        },
                        {
                            "class" : "Distribution",
                            "name" : "NormalDistribution",
                            "parameters" : [
                                0.010388474575583697,
                                0.08914291895614194
                            ],
                            "frozen" : false
                        },
                        {
                            "class" : "Distribution",
                            "name" : "NormalDistribution",
                            "parameters" : [
                                -0.012686167672780713,
                                0.09475158417220113
                            ],
                            "frozen" : false
                        },
                        {
                            "class" : "Distribution",
                            "name" : "NormalDistribution",
                            "parameters" : [
                                -0.004521500802749403,
                                0.09158746157281755
                            ],
                            "frozen" : false
                        },
                        {
                            "class" : "Distribution",
                            "name" : "NormalDistribution",
                            "parameters" : [
                                -0.01725326445923286,
                                0.09448658792884783
                            ],
                            "frozen" : false
                        },
                        {
                            "class" : "Distribution",
                            "name" : "NormalDistribution",
                            "parameters" : [
                                -0.02730335905077854,
                                0.09820317918604568
                            ],
                            "frozen" : false
                        },
                        {
                            "class" : "Distribution",
                            "name" : "NormalDistribution",
                            "parameters" : [
                                -0.04058000672653847,
                                0.09897505050595418
                            ],
                            "frozen" : false
                        },
                        {
                            "class" : "Distribution",
                            "name" : "NormalDistribution",
                            "parameters" : [
                                -0.03416526549323592,
                                0.09610362376224879
                            ],
                            "frozen" : false
                        },
                        {
                            "class" : "Distribution",
                            "name" : "NormalDistribution",
                            "parameters" : [
                                -0.041624626875161254,
                                0.09172437100803117
                            ],
                            "frozen" : false
                        },
                        {
                            "class" : "Distribution",
                            "name" : "NormalDistribution",
                            "parameters" : [
                                -0.03075949440855355,
                                0.09544061579562628
                            ],
                            "frozen" : false
                        },
                        {
                            "class" : "Distribution",
                            "name" : "NormalDistribution",
                            "parameters" : [
                                -0.011374016236197472,
                                0.012454805260022099
                            ],
                            "frozen" : false
                        },
                        {
                            "class" : "Distribution",
                            "name" : "NormalDistribution",
                            "parameters" : [
                                -0.011374016236197472,
                                0.012454805260022099
                            ],
                            "frozen" : false
                        },
                        {
                            "class" : "Distribution",
                            "name" : "NormalDistribution",
                            "parameters" : [
                                -0.011374016236197472,
                                0.012454805260022099
                            ],
                            "frozen" : false
                        },
                        {
                            "class" : "Distribution",
                            "name" : "NormalDistribution",
                            "parameters" : [
                                -0.011374016236197472,
                                0.012454805260022099
                            ],
                            "frozen" : false
                        },
                        {
                            "class" : "Distribution",
                            "name" : "NormalDistribution",
                            "parameters" : [
                                -0.011374016236197482,
                                0.0124548052600221
                            ],
                            "frozen" : false
                        },
                        {
                            "class" : "Distribution",
                            "name" : "NormalDistribution",
                            "parameters" : [
                                -0.007968306734649438,
                                0.011659996847608814
                            ],
                            "frozen" : false
                        },
                        {
                            "class" : "Distribution",
                            "name" : "NormalDistribution",
                            "parameters" : [
                                -0.0008461611823145174,
                                0.012838738012168255
                            ],
                            "frozen" : false
                        },
                        {
                            "class" : "Distribution",
                            "name" : "NormalDistribution",
                            "parameters" : [
                                0.007394391548724508,
                                0.015329411548603768
                            ],
                            "frozen" : false
                        },
                        {
                            "class" : "Distribution",
                            "name" : "NormalDistribution",
                            "parameters" : [
                                0.009480252146595166,
                                0.016146727816262647
                            ],
                            "frozen" : false
                        },
                        {
                            "class" : "Distribution",
                            "name" : "NormalDistribution",
                            "parameters" : [
                                0.006563068769207402,
                                0.015341866619025634
                            ],
                            "frozen" : false
                        },
                        {
                            "class" : "Distribution",
                            "name" : "NormalDistribution",
                            "parameters" : [
                                0.003258389361418274,
                                0.01371122424168649
                            ],
                            "frozen" : false
                        },
                        {
                            "class" : "Distribution",
                            "name" : "NormalDistribution",
                            "parameters" : [
                                0.0002510512781577642,
                                0.013029421334205687
                            ],
                            "frozen" : false
                        },
                        {
                            "class" : "Distribution",
                            "name" : "NormalDistribution",
                            "parameters" : [
                                -0.0029239772403454457,
                                0.014000435839180914
                            ],
                            "frozen" : false
                        },
                        {
                            "class" : "Distribution",
                            "name" : "NormalDistribution",
                            "parameters" : [
                                -0.005351685460375606,
                                0.014054412200913498
                            ],
                            "frozen" : false
                        },
                        {
                            "class" : "Distribution",
                            "name" : "NormalDistribution",
                            "parameters" : [
                                -0.006336274873944372,
                                0.013544597350219258
                            ],
                            "frozen" : false
                        },
                        {
                            "class" : "Distribution",
                            "name" : "NormalDistribution",
                            "parameters" : [
                                -0.0055670254198661616,
                                0.014402575805912017
                            ],
                            "frozen" : false
                        },
                        {
                            "class" : "Distribution",
                            "name" : "NormalDistribution",
                            "parameters" : [
                                -0.005567025419866157,
                                0.014402575805912008
                            ],
                            "frozen" : false
                        },
                        {
                            "class" : "Distribution",
                            "name" : "NormalDistribution",
                            "parameters" : [
                                -0.005567025419866157,
                                0.014402575805912008
                            ],
                            "frozen" : false
                        },
                        {
                            "class" : "Distribution",
                            "name" : "NormalDistribution",
                            "parameters" : [
                                -0.005567025419866157,
                                0.014402575805912008
                            ],
                            "frozen" : false
                        },
                        {
                            "class" : "Distribution",
                            "name" : "NormalDistribution",
                            "parameters" : [
                                -0.005567025419866157,
                                0.014402575805912008
                            ],
                            "frozen" : false
                        }
                    ],
                    [
                        1.0,
                        1.0,
                        1.0,
                        1.0,
                        1.0,
                        1.0,
                        1.0,
                        1.0,
                        1.0,
                        1.0,
                        1.0,
                        1.0,
                        1.0,
                        1.0,
                        1.0,
                        1.0,
                        1.0,
                        1.0,
                        1.0,
                        1.0,
                        1.0,
                        1.0,
                        1.0,
                        1.0,
                        1.0,
                        1.0,
                        1.0,
                        1.0,
                        1.0,
                        1.0,
                        1.0,
                        1.0,
                        1.0,
                        1.0,
                        1.0,
                        1.0,
                        1.0,
                        1.0,
                        1.0,
                        1.0
                    ]
                ],
                "frozen" : false
            },
            "name" : "H0",
            "weight" : 1.0
        },
        {
            "class" : "State",
            "distribution" : {
                "class" : "Distribution",
                "name" : "IndependentComponentsDistribution",
                "parameters" : [
                    [
                        {
                            "class" : "Distribution",
                            "name" : "NormalDistribution",
                            "parameters" : [
                                0.09215628695824025,
                                0.08985896847081154
                            ],
                            "frozen" : false
                        },
                        {
                            "class" : "Distribution",
                            "name" : "NormalDistribution",
                            "parameters" : [
                                0.22450872101177666,
                                0.120764956594404
                            ],
                            "frozen" : false
                        },
                        {
                            "class" : "Distribution",
                            "name" : "NormalDistribution",
                            "parameters" : [
                                0.11052588719718173,
                                0.11392791732096871
                            ],
                            "frozen" : false
                        },
                        {
                            "class" : "Distribution",
                            "name" : "NormalDistribution",
                            "parameters" : [
                                -0.031191330628498375,
                                0.11703553867429786
                            ],
                            "frozen" : false
                        },
                        {
                            "class" : "Distribution",
                            "name" : "NormalDistribution",
                            "parameters" : [
                                -0.06098459678844485,
                                0.12474957253428294
                            ],
                            "frozen" : false
                        },
                        {
                            "class" : "Distribution",
                            "name" : "NormalDistribution",
                            "parameters" : [
                                -0.1069889479964875,
                                0.1057116587988304
                            ],
                            "frozen" : false
                        },
                        {
                            "class" : "Distribution",
                            "name" : "NormalDistribution",
                            "parameters" : [
                                -0.12214005087396271,
                                0.10177071525744716
                            ],
                            "frozen" : false
                        },
                        {
                            "class" : "Distribution",
                            "name" : "NormalDistribution",
                            "parameters" : [
                                -0.1426976485836686,
                                0.09670094880625724
                            ],
                            "frozen" : false
                        },
                        {
                            "class" : "Distribution",
                            "name" : "NormalDistribution",
                            "parameters" : [
                                -0.13607293899630182,
                                0.09698439646980077
                            ],
                            "frozen" : false
                        },
                        {
                            "class" : "Distribution",
                            "name" : "NormalDistribution",
                            "parameters" : [
                                -0.08194786219587408,
                                0.09950642277929324
                            ],
                            "frozen" : false
                        },
                        {
                            "class" : "Distribution",
                            "name" : "NormalDistribution",
                            "parameters" : [
                                -0.0676346190132145,
                                0.10021074181562342
                            ],
                            "frozen" : false
                        },
                        {
                            "class" : "Distribution",
                            "name" : "NormalDistribution",
                            "parameters" : [
                                -0.04460450205190841,
                                0.09523753935565929
                            ],
                            "frozen" : false
                        },
                        {
                            "class" : "Distribution",
                            "name" : "NormalDistribution",
                            "parameters" : [
                                -0.018507755370616823,
                                0.0963082873228509
                            ],
                            "frozen" : false
                        },
                        {
                            "class" : "Distribution",
                            "name" : "NormalDistribution",
                            "parameters" : [
                                -0.010172129656048766,
                                0.09187205540742871
                            ],
                            "frozen" : false
                        },
                        {
                            "class" : "Distribution",
                            "name" : "NormalDistribution",
                            "parameters" : [
                                -0.011174560596004218,
                                0.09496001637887715
                            ],
                            "frozen" : false
                        },
                        {
                            "class" : "Distribution",
                            "name" : "NormalDistribution",
                            "parameters" : [
                                -0.013412241320912297,
                                0.09392094685727241
                            ],
                            "frozen" : false
                        },
                        {
                            "class" : "Distribution",
                            "name" : "NormalDistribution",
                            "parameters" : [
                                -0.029198769036576297,
                                0.0950888257791015
                            ],
                            "frozen" : false
                        },
                        {
                            "class" : "Distribution",
                            "name" : "NormalDistribution",
                            "parameters" : [
                                -0.03520845989675363,
                                0.09889105840757696
                            ],
                            "frozen" : false
                        },
                        {
                            "class" : "Distribution",
                            "name" : "NormalDistribution",
                            "parameters" : [
                                -0.05257027177781326,
                                0.09726855173111178
                            ],
                            "frozen" : false
                        },
                        {
                            "class" : "Distribution",
                            "name" : "NormalDistribution",
                            "parameters" : [
                                -0.04848088676796915,
                                0.09687229203456982
                            ],
                            "frozen" : false
                        },
                        {
                            "class" : "Distribution",
                            "name" : "NormalDistribution",
                            "parameters" : [
                                -0.042594425101913,
                                0.01055742132723087
                            ],
                            "frozen" : false
                        },
                        {
                            "class" : "Distribution",
                            "name" : "NormalDistribution",
                            "parameters" : [
                                -0.042594425101913,
                                0.01055742132723087
                            ],
                            "frozen" : false
                        },
                        {
                            "class" : "Distribution",
                            "name" : "NormalDistribution",
                            "parameters" : [
                                -0.042594425101913,
                                0.01055742132723087
                            ],
                            "frozen" : false
                        },
                        {
                            "class" : "Distribution",
                            "name" : "NormalDistribution",
                            "parameters" : [
                                -0.042594425101913,
                                0.01055742132723087
                            ],
                            "frozen" : false
                        },
                        {
                            "class" : "Distribution",
                            "name" : "NormalDistribution",
                            "parameters" : [
                                -0.042594425101913046,
                                0.01055742132723091
                            ],
                            "frozen" : false
                        },
                        {
                            "class" : "Distribution",
                            "name" : "NormalDistribution",
                            "parameters" : [
                                -0.03749651502344856,
                                0.011694778245990474
                            ],
                            "frozen" : false
                        },
                        {
                            "class" : "Distribution",
                            "name" : "NormalDistribution",
                            "parameters" : [
                                -0.01751328340911017,
                                0.014451282015594607
                            ],
                            "frozen" : false
                        },
                        {
                            "class" : "Distribution",
                            "name" : "NormalDistribution",
                            "parameters" : [
                                -0.0006242244814843516,
                                0.01590295255405529
                            ],
                            "frozen" : false
                        },
                        {
                            "class" : "Distribution",
                            "name" : "NormalDistribution",
                            "parameters" : [
                                0.008780355893572336,
                                0.01601502871823145
                            ],
                            "frozen" : false
                        },
                        {
                            "class" : "Distribution",
                            "name" : "NormalDistribution",
                            "parameters" : [
                                0.01604647954864,
                                0.014162832570089509
                            ],
                            "frozen" : false
                        },
                        {
                            "class" : "Distribution",
                            "name" : "NormalDistribution",
                            "parameters" : [
                                0.01856520408816717,
                                0.013277253440745344
                            ],
                            "frozen" : false
                        },
                        {
                            "class" : "Distribution",
                            "name" : "NormalDistribution",
                            "parameters" : [
                                0.018075251549569453,
                                0.013375173388434015
                            ],
                            "frozen" : false
                        },
                        {
                            "class" : "Distribution",
                            "name" : "NormalDistribution",
                            "parameters" : [
                                0.013007600528234466,
                                0.013738773289796509
                            ],
                            "frozen" : false
                        },
                        {
                            "class" : "Distribution",
                            "name" : "NormalDistribution",
                            "parameters" : [
                                0.006199714589383356,
                                0.015414922463568468
                            ],
                            "frozen" : false
                        },
                        {
                            "class" : "Distribution",
                            "name" : "NormalDistribution",
                            "parameters" : [
                                0.001063722940171452,
                                0.01722571775624769
                            ],
                            "frozen" : false
                        },
                        {
                            "class" : "Distribution",
                            "name" : "NormalDistribution",
                            "parameters" : [
                                -0.003096499283463569,
                                0.01759473956400304
                            ],
                            "frozen" : false
                        },
                        {
                            "class" : "Distribution",
                            "name" : "NormalDistribution",
                            "parameters" : [
                                -0.003096499283463565,
                                0.01759473956400303
                            ],
                            "frozen" : false
                        },
                        {
                            "class" : "Distribution",
                            "name" : "NormalDistribution",
                            "parameters" : [
                                -0.003096499283463565,
                                0.01759473956400303
                            ],
                            "frozen" : false
                        },
                        {
                            "class" : "Distribution",
                            "name" : "NormalDistribution",
                            "parameters" : [
                                -0.003096499283463565,
                                0.01759473956400303
                            ],
                            "frozen" : false
                        },
                        {
                            "class" : "Distribution",
                            "name" : "NormalDistribution",
                            "parameters" : [
                                -0.003096499283463565,
                                0.01759473956400303
                            ],
                            "frozen" : false
                        }
                    ],
                    [
                        1.0,
                        1.0,
                        1.0,
                        1.0,
                        1.0,
                        1.0,
                        1.0,
                        1.0,
                        1.0,
                        1.0,
                        1.0,
                        1.0,
                        1.0,
                        1.0,
                        1.0,
                        1.0,
                        1.0,
                        1.0,
                        1.0,
                        1.0,
                        1.0,
                        1.0,
                        1.0,
                        1.0,
                        1.0,
                        1.0,
                        1.0,
                        1.0,
                        1.0,
                        1.0,
                        1.0,
                        1.0,
                        1.0,
                        1.0,
                        1.0,
                        1.0,
                        1.0,
                        1.0,
                        1.0,
                        1.0
                    ]
                ],
                "frozen" : false
            },
            "name" : "H1",
            "weight" : 1.0
        },
        {
            "class" : "State",
            "distribution" : {
                "class" : "Distribution",
                "name" : "IndependentComponentsDistribution",
                "parameters" : [
                    [
                        {
                            "class" : "Distribution",
                            "name" : "NormalDistribution",
                            "parameters" : [
                                0.09263563834087249,
                                0.05708300202787205
                            ],
                            "frozen" : false
                        },
                        {
                            "class" : "Distribution",
                            "name" : "NormalDistribution",
                            "parameters" : [
                                0.1192208107061985,
                                0.07210822614046081
                            ],
                            "frozen" : false
                        },
                        {
                            "class" : "Distribution",
                            "name" : "NormalDistribution",
                            "parameters" : [
                                0.07884357144794986,
                                0.06253541917098254
                            ],
                            "frozen" : false
                        },
                        {
                            "class" : "Distribution",
                            "name" : "NormalDistribution",
                            "parameters" : [
                                0.0529784063836178,
                                0.06627005867146996
                            ],
                            "frozen" : false
                        },
                        {
                            "class" : "Distribution",
                            "name" : "NormalDistribution",
                            "parameters" : [
                                0.054127902789049,
                                0.06509519156997542
                            ],
                            "frozen" : false
                        },
                        {
                            "class" : "Distribution",
                            "name" : "NormalDistribution",
                            "parameters" : [
                                0.032505116661067104,
                                0.07049461079751151
                            ],
                            "frozen" : false
                        },
                        {
                            "class" : "Distribution",
                            "name" : "NormalDistribution",
                            "parameters" : [
                                0.0017820278801183647,
                                0.07561231237533317
                            ],
                            "frozen" : false
                        },
                        {
                            "class" : "Distribution",
                            "name" : "NormalDistribution",
                            "parameters" : [
                                0.006030854496888974,
                                0.07261981449255143
                            ],
                            "frozen" : false
                        },
                        {
                            "class" : "Distribution",
                            "name" : "NormalDistribution",
                            "parameters" : [
                                -0.0029658370795549714,
                                0.0742808249153006
                            ],
                            "frozen" : false
                        },
                        {
                            "class" : "Distribution",
                            "name" : "NormalDistribution",
                            "parameters" : [
                                -0.00967621429765603,
                                0.07595648801572387
                            ],
                            "frozen" : false
                        },
                        {
                            "class" : "Distribution",
                            "name" : "NormalDistribution",
                            "parameters" : [
                                -0.0076985099892373145,
                                0.07357223498440077
                            ],
                            "frozen" : false
                        },
                        {
                            "class" : "Distribution",
                            "name" : "NormalDistribution",
                            "parameters" : [
                                0.00024458745183873916,
                                0.07242600523396397
                            ],
                            "frozen" : false
                        },
                        {
                            "class" : "Distribution",
                            "name" : "NormalDistribution",
                            "parameters" : [
                                -0.004563371617933414,
                                0.0701560789489502
                            ],
                            "frozen" : false
                        },
                        {
                            "class" : "Distribution",
                            "name" : "NormalDistribution",
                            "parameters" : [
                                0.0010395968774046685,
                                0.06874119399443748
                            ],
                            "frozen" : false
                        },
                        {
                            "class" : "Distribution",
                            "name" : "NormalDistribution",
                            "parameters" : [
                                3.4504347422049734e-05,
                                0.07062072256595207
                            ],
                            "frozen" : false
                        },
                        {
                            "class" : "Distribution",
                            "name" : "NormalDistribution",
                            "parameters" : [
                                -0.0009186363837096978,
                                0.06759533612759851
                            ],
                            "frozen" : false
                        },
                        {
                            "class" : "Distribution",
                            "name" : "NormalDistribution",
                            "parameters" : [
                                -0.006734791227154697,
                                0.06619752023351597
                            ],
                            "frozen" : false
                        },
                        {
                            "class" : "Distribution",
                            "name" : "NormalDistribution",
                            "parameters" : [
                                -0.00499623290730909,
                                0.06700305298650588
                            ],
                            "frozen" : false
                        },
                        {
                            "class" : "Distribution",
                            "name" : "NormalDistribution",
                            "parameters" : [
                                -0.014200300535908863,
                                0.06371941811943681
                            ],
                            "frozen" : false
                        },
                        {
                            "class" : "Distribution",
                            "name" : "NormalDistribution",
                            "parameters" : [
                                -0.013207028263175283,
                                0.06049810259786122
                            ],
                            "frozen" : false
                        },
                        {
                            "class" : "Distribution",
                            "name" : "NormalDistribution",
                            "parameters" : [
                                -0.014942869119464214,
                                0.013359627112186728
                            ],
                            "frozen" : false
                        },
                        {
                            "class" : "Distribution",
                            "name" : "NormalDistribution",
                            "parameters" : [
                                -0.014942869119464214,
                                0.013359627112186728
                            ],
                            "frozen" : false
                        },
                        {
                            "class" : "Distribution",
                            "name" : "NormalDistribution",
                            "parameters" : [
                                -0.014942869119464214,
                                0.013359627112186728
                            ],
                            "frozen" : false
                        },
                        {
                            "class" : "Distribution",
                            "name" : "NormalDistribution",
                            "parameters" : [
                                -0.014942869119464214,
                                0.013359627112186728
                            ],
                            "frozen" : false
                        },
                        {
                            "class" : "Distribution",
                            "name" : "NormalDistribution",
                            "parameters" : [
                                -0.014942869119464226,
                                0.013359627112186736
                            ],
                            "frozen" : false
                        },
                        {
                            "class" : "Distribution",
                            "name" : "NormalDistribution",
                            "parameters" : [
                                -0.015120955071338689,
                                0.01309502601000755
                            ],
                            "frozen" : false
                        },
                        {
                            "class" : "Distribution",
                            "name" : "NormalDistribution",
                            "parameters" : [
                                -0.011246565494899266,
                                0.011769510113232143
                            ],
                            "frozen" : false
                        },
                        {
                            "class" : "Distribution",
                            "name" : "NormalDistribution",
                            "parameters" : [
                                -0.008092084015651597,
                                0.010941183767931868
                            ],
                            "frozen" : false
                        },
                        {
                            "class" : "Distribution",
                            "name" : "NormalDistribution",
                            "parameters" : [
                                -0.0061035804964811825,
                                0.010262349300569183
                            ],
                            "frozen" : false
                        },
                        {
                            "class" : "Distribution",
                            "name" : "NormalDistribution",
                            "parameters" : [
                                -0.0026867247438097986,
                                0.010340758239086565
                            ],
                            "frozen" : false
                        },
                        {
                            "class" : "Distribution",
                            "name" : "NormalDistribution",
                            "parameters" : [
                                -0.00025396890527500565,
                                0.0106455585873927
                            ],
                            "frozen" : false
                        },
                        {
                            "class" : "Distribution",
                            "name" : "NormalDistribution",
                            "parameters" : [
                                9.616369133269455e-05,
                                0.010724632441420913
                            ],
                            "frozen" : false
                        },
                        {
                            "class" : "Distribution",
                            "name" : "NormalDistribution",
                            "parameters" : [
                                0.0004576325875054139,
                                0.010436974494882711
                            ],
                            "frozen" : false
                        },
                        {
                            "class" : "Distribution",
                            "name" : "NormalDistribution",
                            "parameters" : [
                                0.0003980418356982366,
                                0.010230040583214918
                            ],
                            "frozen" : false
                        },
                        {
                            "class" : "Distribution",
                            "name" : "NormalDistribution",
                            "parameters" : [
                                -0.0008005115957281084,
                                0.009807813369260688
                            ],
                            "frozen" : false
                        },
                        {
                            "class" : "Distribution",
                            "name" : "NormalDistribution",
                            "parameters" : [
                                -0.0016926367459664453,
                                0.00952671361664865
                            ],
                            "frozen" : false
                        },
                        {
                            "class" : "Distribution",
                            "name" : "NormalDistribution",
                            "parameters" : [
                                -0.001692636745966443,
                                0.009526713616648644
                            ],
                            "frozen" : false
                        },
                        {
                            "class" : "Distribution",
                            "name" : "NormalDistribution",
                            "parameters" : [
                                -0.001692636745966443,
                                0.009526713616648644
                            ],
                            "frozen" : false
                        },
                        {
                            "class" : "Distribution",
                            "name" : "NormalDistribution",
                            "parameters" : [
                                -0.001692636745966443,
                                0.009526713616648644
                            ],
                            "frozen" : false
                        },
                        {
                            "class" : "Distribution",
                            "name" : "NormalDistribution",
                            "parameters" : [
                                -0.001692636745966443,
                                0.009526713616648644
                            ],
                            "frozen" : false
                        }
                    ],
                    [
                        1.0,
                        1.0,
                        1.0,
                        1.0,
                        1.0,
                        1.0,
                        1.0,
                        1.0,
                        1.0,
                        1.0,
                        1.0,
                        1.0,
                        1.0,
                        1.0,
                        1.0,
                        1.0,
                        1.0,
                        1.0,
                        1.0,
                        1.0,
                        1.0,
                        1.0,
                        1.0,
                        1.0,
                        1.0,
                        1.0,
                        1.0,
                        1.0,
                        1.0,
                        1.0,
                        1.0,
                        1.0,
                        1.0,
                        1.0,
                        1.0,
                        1.0,
                        1.0,
                        1.0,
                        1.0,
                        1.0
                    ]
                ],
                "frozen" : false
            },
            "name" : "H2",
            "weight" : 1.0
        },
        {
            "class" : "State",
            "distribution" : null,
            "name" : "None-start",
            "weight" : 1.0
        },
        {
            "class" : "State",
            "distribution" : null,
            "name" : "None-end",
            "weight" : 1.0
        }
    ],
    "end_index" : 4,
    "start_index" : 3,
    "silent_index" : 3,
    "edges" : [
        [
            3,
            0,
            1.0,
            1,
            null
        ],
        [
            0,
            0,
            0.7894266851815477,
            0.5,
            null
        ],
        [
            0,
            1,
            0.21057331481845232,
            0.5,
            null
        ],
        [
            1,
            1,
            0.8589418262733656,
            0.5,
            null
        ],
        [
            1,
            2,
            0.14105817372663432,
            0.5,
            null
        ],
        [
            2,
            2,
            0.6159784620305423,
            0.5,
            null
        ],
        [
            2,
            4,
            0.3840215379694577,
            0.5,
            null
        ]
    ],
    "distribution ties" : []
}