{
    "class" : "HiddenMarkovModel",
    "name" : "None",
    "start" : {
        "class" : "State",
        "distribution" : null,
        "name" : "None-start",
        "weight" : 1.0
    },
    "end" : {
        "class" : "State",
        "distribution" : null,
        "name" : "None-end",
        "weight" : 1.0
    },
    "states" : [
        {
            "class" : "State",
            "distribution" : {
                "class" : "Distribution",
                "name" : "IndependentComponentsDistribution",
                "parameters" : [
                    [
                        {
                            "class" : "Distribution",
                            "name" : "NormalDistribution",
                            "parameters" : [
                                -0.011228294412367414,
                                0.1262178749657818
                            ],
                            "frozen" : false
                        },
                        {
                            "class" : "Distribution",
                            "name" : "NormalDistribution",
                            "parameters" : [
                                0.2756531806398109,
                                0.18538770447934186
                            ],
                            "frozen" : false
                        },
                        {
                            "class" : "Distribution",
                            "name" : "NormalDistribution",
                            "parameters" : [
                                -0.09432045835072371,
                                0.17430433824215308
                            ],
                            "frozen" : false
                        },
                        {
                            "class" : "Distribution",
                            "name" : "NormalDistribution",
                            "parameters" : [
                                -0.12389112676501468,
                                0.1792070491612297
                            ],
                            "frozen" : false
                        },
                        {
                            "class" : "Distribution",
                            "name" : "NormalDistribution",
                            "parameters" : [
                                -0.057468086122272,
                                0.14168498734235188
                            ],
                            "frozen" : false
                        },
                        {
                            "class" : "Distribution",
                            "name" : "NormalDistribution",
                            "parameters" : [
                                -0.01673659636710288,
                                0.1542105511428097
                            ],
                            "frozen" : false
                        },
                        {
                            "class" : "Distribution",
                            "name" : "NormalDistribution",
                            "parameters" : [
                                -0.06716855451820043,
                                0.16191905437523485
                            ],
                            "frozen" : false
                        },
                        {
                            "class" : "Distribution",
                            "name" : "NormalDistribution",
                            "parameters" : [
                                -0.005681931700320968,
                                0.1585375447618883
                            ],
                            "frozen" : false
                        },
                        {
                            "class" : "Distribution",
                            "name" : "NormalDistribution",
                            "parameters" : [
                                -0.0180115193524086,
                                0.13330357292513442
                            ],
                            "frozen" : false
                        },
                        {
                            "class" : "Distribution",
                            "name" : "NormalDistribution",
                            "parameters" : [
                                0.04388028572106512,
                                0.14651592810832884
                            ],
                            "frozen" : false
                        },
                        {
                            "class" : "Distribution",
                            "name" : "NormalDistribution",
                            "parameters" : [
                                -0.018772509358286234,
                                0.1391880415956736
                            ],
                            "frozen" : false
                        },
                        {
                            "class" : "Distribution",
                            "name" : "NormalDistribution",
                            "parameters" : [
                                0.03652672722336594,
                                0.13191364816221424
                            ],
                            "frozen" : false
                        },
                        {
                            "class" : "Distribution",
                            "name" : "NormalDistribution",
                            "parameters" : [
                                -0.011827998315908122,
                                0.019969741917665262
                            ],
                            "frozen" : false
                        },
                        {
                            "class" : "Distribution",
                            "name" : "NormalDistribution",
                            "parameters" : [
                                -0.011827998315908122,
                                0.019969741917665262
                            ],
                            "frozen" : false
                        },
                        {
                            "class" : "Distribution",
                            "name" : "NormalDistribution",
                            "parameters" : [
                                -0.011827998315908122,
                                0.019969741917665262
                            ],
                            "frozen" : false
                        },
                        {
                            "class" : "Distribution",
                            "name" : "NormalDistribution",
                            "parameters" : [
                                -0.011827998315908122,
                                0.019969741917665262
                            ],
                            "frozen" : false
                        },
                        {
                            "class" : "Distribution",
                            "name" : "NormalDistribution",
                            "parameters" : [
                                -0.011827998318256984,
                                0.019969741919196524
                            ],
                            "frozen" : false
                        },
                        {
                            "class" : "Distribution",
                            "name" : "NormalDistribution",
                            "parameters" : [
                                -0.007857447350690666,
                                0.018104233408955568
                            ],
                            "frozen" : false
                        },
                        {
                            "class" : "Distribution",
                            "name" : "NormalDistribution",
                            "parameters" : [
                                0.014924563859152803,
                                0.01917444822499692
                            ],
                            "frozen" : false
                        },
                        {
                            "class" : "Distribution",
                            "name" : "NormalDistribution",
                            "parameters" : [
                                0.01546914909821521,
                                0.0183451368031742
                            ],
                            "frozen" : false
                        },
                        {
                            "class" : "Distribution",
                            "name" : "NormalDistribution",
                            "parameters" : [
                                0.015469149098215203,
                                0.018345136803174195
                            ],
                            "frozen" : false
                        },
                        {
                            "class" : "Distribution",
                            "name" : "NormalDistribution",
                            "parameters" : [
                                0.015469149098215203,
                                0.018345136803174195
                            ],
                            "frozen" : false
                        },
                        {
                            "class" : "Distribution",
                            "name" : "NormalDistribution",
                            "parameters" : [
                                0.015469149098215203,
                                0.018345136803174195
                            ],
                            "frozen" : false
                        },
                        {
                            "class" : "Distribution",
                            "name" : "NormalDistribution",
                            "parameters" : [
                                0.015469149098215203,
                                0.018345136803174195
                            ],
                            "frozen" : false
                        }
                    ],
                    [
                        1.0,
                        1.0,
                        1.0,
                        1.0,
                        1.0,
                        1.0,
                        1.0,
                        1.0,
                        1.0,
                        1.0,
                        1.0,
                        1.0,
                        1.0,
                        1.0,
                        1.0,
                        1.0,
                        1.0,
                        1.0,
                        1.0,
                        1.0,
                        1.0,
                        1.0,
                        1.0,
                        1.0
                    ]
                ],
                "frozen" : false
            },
            "name" : "H0",
            "weight" : 1.0
        },
        {
            "class" : "State",
            "distribution" : {
                "class" : "Distribution",
                "name" : "IndependentComponentsDistribution",
                "parameters" : [
                    [
                        {
                            "class" : "Distribution",
                            "name" : "NormalDistribution",
                            "parameters" : [
                                -0.058981136923689524,
                                0.1568526910830972
                            ],
                            "frozen" : false
                        },
                        {
                            "class" : "Distribution",
                            "name" : "NormalDistribution",
                            "parameters" : [
                                0.31357483820473414,
                                0.19366486062700325
                            ],
                            "frozen" : false
                        },
                        {
                            "class" : "Distribution",
                            "name" : "NormalDistribution",
                            "parameters" : [
                                -0.13977257100530832,
                                0.20031120970215766
                            ],
                            "frozen" : false
                        },
                        {
                            "class" : "Distribution",
                            "name" : "NormalDistribution",
                            "parameters" : [
                                -0.1341467383248899,
                                0.19731436693338536
                            ],
                            "frozen" : false
                        },
                        {
                            "class" : "Distribution",
                            "name" : "NormalDistribution",
                            "parameters" : [
                                -0.07154579222489216,
                                0.16001292434734424
                            ],
                            "frozen" : false
                        },
                        {
                            "class" : "Distribution",
                            "name" : "NormalDistribution",
                            "parameters" : [
                                -0.04285655606731709,
                                0.16775298019942111
                            ],
                            "frozen" : false
                        },
                        {
                            "class" : "Distribution",
                            "name" : "NormalDistribution",
                            "parameters" : [
                                -0.07896296951727849,
                                0.1837229467917913
                            ],
                            "frozen" : false
                        },
                        {
                            "class" : "Distribution",
                            "name" : "NormalDistribution",
                            "parameters" : [
                                0.0013532760816124495,
                                0.1600622321977216
                            ],
                            "frozen" : false
                        },
                        {
                            "class" : "Distribution",
                            "name" : "NormalDistribution",
                            "parameters" : [
                                -0.022232719923616973,
                                0.13954415326946545
                            ],
                            "frozen" : false
                        },
                        {
                            "class" : "Distribution",
                            "name" : "NormalDistribution",
                            "parameters" : [
                                0.052325600348857686,
                                0.16116924319009507
                            ],
                            "frozen" : false
                        },
                        {
                            "class" : "Distribution",
                            "name" : "NormalDistribution",
                            "parameters" : [
                                -0.033858240954687806,
                                0.14893414313277686
                            ],
                            "frozen" : false
                        },
                        {
                            "class" : "Distribution",
                            "name" : "NormalDistribution",
                            "parameters" : [
                                0.045966574246192694,
                                0.1496561619960316
                            ],
                            "frozen" : false
                        },
                        {
                            "class" : "Distribution",
                            "name" : "NormalDistribution",
                            "parameters" : [
                                -0.009612693888308717,
                                0.01856041299558134
                            ],
                            "frozen" : false
                        },
                        {
                            "class" : "Distribution",
                            "name" : "NormalDistribution",
                            "parameters" : [
                                -0.009612693888308717,
                                0.01856041299558134
                            ],
                            "frozen" : false
                        },
                        {
                            "class" : "Distribution",
                            "name" : "NormalDistribution",
                            "parameters" : [
                                -0.009612693888308717,
                                0.01856041299558134
                            ],
                            "frozen" : false
                        },
                        {
                            "class" : "Distribution",
                            "name" : "NormalDistribution",
                            "parameters" : [
                                -0.009612693888308717,
                                0.01856041299558134
                            ],
                            "frozen" : false
                        },
                        {
                            "class" : "Distribution",
                            "name" : "NormalDistribution",
                            "parameters" : [
                                -0.00961269388836721,
                                0.01856041299561796
                            ],
                            "frozen" : false
                        },
                        {
                            "class" : "Distribution",
                            "name" : "NormalDistribution",
                            "parameters" : [
                                -0.0071465757801851505,
                                0.017397090357788237
                            ],
                            "frozen" : false
                        },
                        {
                            "class" : "Distribution",
                            "name" : "NormalDistribution",
                            "parameters" : [
                                0.018765171879502544,
                                0.020372557300398254
                            ],
                            "frozen" : false
                        },
                        {
                            "class" : "Distribution",
                            "name" : "NormalDistribution",
                            "parameters" : [
                                0.01801017444664141,
                                0.020635825612163077
                            ],
                            "frozen" : false
                        },
                        {
                            "class" : "Distribution",
                            "name" : "NormalDistribution",
                            "parameters" : [
                                0.01801017444611505,
                                0.020635825612038933
                            ],
                            "frozen" : false
                        },
                        {
                            "class" : "Distribution",
                            "name" : "NormalDistribution",
                            "parameters" : [
                                0.01801017444611505,
                                0.020635825612038933
                            ],
                            "frozen" : false
                        },
                        {
                            "class" : "Distribution",
                            "name" : "NormalDistribution",
                            "parameters" : [
                                0.01801017444611505,
                                0.020635825612038933
                            ],
                            "frozen" : false
                        },
                        {
                            "class" : "Distribution",
                            "name" : "NormalDistribution",
                            "parameters" : [
                                0.01801017444611505,
                                0.020635825612038933
                            ],
                            "frozen" : false
                        }
                    ],
                    [
                        1.0,
                        1.0,
                        1.0,
                        1.0,
                        1.0,
                        1.0,
                        1.0,
                        1.0,
                        1.0,
                        1.0,
                        1.0,
                        1.0,
                        1.0,
                        1.0,
                        1.0,
                        1.0,
                        1.0,
                        1.0,
                        1.0,
                        1.0,
                        1.0,
                        1.0,
                        1.0,
                        1.0
                    ]
                ],
                "frozen" : false
            },
            "name" : "H1",
            "weight" : 1.0
        },
        {
            "class" : "State",
            "distribution" : {
                "class" : "Distribution",
                "name" : "IndependentComponentsDistribution",
                "parameters" : [
                    [
                        {
                            "class" : "Distribution",
                            "name" : "NormalDistribution",
                            "parameters" : [
                                -0.021368949680931403,
                                0.1586303233941309
                            ],
                            "frozen" : false
                        },
                        {
                            "class" : "Distribution",
                            "name" : "NormalDistribution",
                            "parameters" : [
                                0.5002109170407175,
                                0.15042945191422433
                            ],
                            "frozen" : false
                        },
                        {
                            "class" : "Distribution",
                            "name" : "NormalDistribution",
                            "parameters" : [
                                -0.13291497822216583,
                                0.1669002513466294
                            ],
                            "frozen" : false
                        },
                        {
                            "class" : "Distribution",
                            "name" : "NormalDistribution",
                            "parameters" : [
                                -0.19454499515334367,
                                0.13868294908944012
                            ],
                            "frozen" : false
                        },
                        {
                            "class" : "Distribution",
                            "name" : "NormalDistribution",
                            "parameters" : [
                                -0.02511391179829391,
                                0.16397217162205527
                            ],
                            "frozen" : false
                        },
                        {
                            "class" : "Distribution",
                            "name" : "NormalDistribution",
                            "parameters" : [
                                -0.1334802450791826,
                                0.17229487764064622
                            ],
                            "frozen" : false
                        },
                        {
                            "class" : "Distribution",
                            "name" : "NormalDistribution",
                            "parameters" : [
                                -0.16625275865316053,
                                0.16669018402460778
                            ],
                            "frozen" : false
                        },
                        {
                            "class" : "Distribution",
                            "name" : "NormalDistribution",
                            "parameters" : [
                                -0.12875187884677564,
                                0.15393471525628052
                            ],
                            "frozen" : false
                        },
                        {
                            "class" : "Distribution",
                            "name" : "NormalDistribution",
                            "parameters" : [
                                -0.11323934927948519,
                                0.13532391157439422
                            ],
                            "frozen" : false
                        },
                        {
                            "class" : "Distribution",
                            "name" : "NormalDistribution",
                            "parameters" : [
                                0.015297165708728671,
                                0.1738859812312409
                            ],
                            "frozen" : false
                        },
                        {
                            "class" : "Distribution",
                            "name" : "NormalDistribution",
                            "parameters" : [
                                -0.11485721815371866,
                                0.15793678958046334
                            ],
                            "frozen" : false
                        },
                        {
                            "class" : "Distribution",
                            "name" : "NormalDistribution",
                            "parameters" : [
                                0.0798948209019382,
                                0.14661151481898016
                            ],
                            "frozen" : false
                        },
                        {
                            "class" : "Distribution",
                            "name" : "NormalDistribution",
                            "parameters" : [
                                -0.03766634660856602,
                                0.010577865329227824
                            ],
                            "frozen" : false
                        },
                        {
                            "class" : "Distribution",
                            "name" : "NormalDistribution",
                            "parameters" : [
                                -0.03766634660856602,
                                0.010577865329227824
                            ],
                            "frozen" : false
                        },
                        {
                            "class" : "Distribution",
                            "name" : "NormalDistribution",
                            "parameters" : [
                                -0.03766634660856602,
                                0.010577865329227824
                            ],
                            "frozen" : false
                        },
                        {
                            "class" : "Distribution",
                            "name" : "NormalDistribution",
                            "parameters" : [
                                -0.03766634660856602,
                                0.010577865329227824
                            ],
                            "frozen" : false
                        },
                        {
                            "class" : "Distribution",
                            "name" : "NormalDistribution",
                            "parameters" : [
                                -0.03766634661606723,
                                0.01057786532744144
                            ],
                            "frozen" : false
                        },
                        {
                            "class" : "Distribution",
                            "name" : "NormalDistribution",
                            "parameters" : [
                                -0.031503012204429054,
                                0.012304081099597595
                            ],
                            "frozen" : false
                        },
                        {
                            "class" : "Distribution",
                            "name" : "NormalDistribution",
                            "parameters" : [
                                0.008837250233447714,
                                0.014824237152425875
                            ],
                            "frozen" : false
                        },
                        {
                            "class" : "Distribution",
                            "name" : "NormalDistribution",
                            "parameters" : [
                                0.01965162626869796,
                                0.012349479689257844
                            ],
                            "frozen" : false
                        },
                        {
                            "class" : "Distribution",
                            "name" : "NormalDistribution",
                            "parameters" : [
                                0.019651626263213397,
                                0.012349479685099583
                            ],
                            "frozen" : false
                        },
                        {
                            "class" : "Distribution",
                            "name" : "NormalDistribution",
                            "parameters" : [
                                0.019651626263213397,
                                0.012349479685099583
                            ],
                            "frozen" : false
                        },
                        {
                            "class" : "Distribution",
                            "name" : "NormalDistribution",
                            "parameters" : [
                                0.019651626263213397,
                                0.012349479685099583
                            ],
                            "frozen" : false
                        },
                        {
                            "class" : "Distribution",
                            "name" : "NormalDistribution",
                            "parameters" : [
                                0.019651626263213397,
                                0.012349479685099583
                            ],
                            "frozen" : false
                        }
                    ],
                    [
                        1.0,
                        1.0,
                        1.0,
                        1.0,
                        1.0,
                        1.0,
                        1.0,
                        1.0,
                        1.0,
                        1.0,
                        1.0,
                        1.0,
                        1.0,
                        1.0,
                        1.0,
                        1.0,
                        1.0,
                        1.0,
                        1.0,
                        1.0,
                        1.0,
                        1.0,
                        1.0,
                        1.0
                    ]
                ],
                "frozen" : false
            },
            "name" : "H2",
            "weight" : 1.0
        },
        {
            "class" : "State",
            "distribution" : {
                "class" : "Distribution",
                "name" : "IndependentComponentsDistribution",
                "parameters" : [
                    [
                        {
                            "class" : "Distribution",
                            "name" : "NormalDistribution",
                            "parameters" : [
                                0.1092095723271818,
                                0.14159861452285577
                            ],
                            "frozen" : false
                        },
                        {
                            "class" : "Distribution",
                            "name" : "NormalDistribution",
                            "parameters" : [
                                0.4718667027806557,
                                0.1806537385853864
                            ],
                            "frozen" : false
                        },
                        {
                            "class" : "Distribution",
                            "name" : "NormalDistribution",
                            "parameters" : [
                                -0.0858558453326822,
                                0.1687863675606215
                            ],
                            "frozen" : false
                        },
                        {
                            "class" : "Distribution",
                            "name" : "NormalDistribution",
                            "parameters" : [
                                -0.04805396475226719,
                                0.14589477021167846
                            ],
                            "frozen" : false
                        },
                        {
                            "class" : "Distribution",
                            "name" : "NormalDistribution",
                            "parameters" : [
                                0.013834547546182834,
                                0.14766285859038591
                            ],
                            "frozen" : false
                        },
                        {
                            "class" : "Distribution",
                            "name" : "NormalDistribution",
                            "parameters" : [
                                -0.08601723916549239,
                                0.17121325544912297
                            ],
                            "frozen" : false
                        },
                        {
                            "class" : "Distribution",
                            "name" : "NormalDistribution",
                            "parameters" : [
                                -0.18586599647411753,
                                0.15395011679711249
                            ],
                            "frozen" : false
                        },
                        {
                            "class" : "Distribution",
                            "name" : "NormalDistribution",
                            "parameters" : [
                                -0.09872012927549534,
                                0.14637114335731294
                            ],
                            "frozen" : false
                        },
                        {
                            "class" : "Distribution",
                            "name" : "NormalDistribution",
                            "parameters" : [
                                -0.1747384467132499,
                                0.1460787612114305
                            ],
                            "frozen" : false
                        },
                        {
                            "class" : "Distribution",
                            "name" : "NormalDistribution",
                            "parameters" : [
                                -0.06544358378464574,
                                0.1523823438610048
                            ],
                            "frozen" : false
                        },
                        {
                            "class" : "Distribution",
                            "name" : "NormalDistribution",
                            "parameters" : [
                                -0.1282929972986605,
                                0.16105690872471032
                            ],
                            "frozen" : false
                        },
                        {
                            "class" : "Distribution",
                            "name" : "NormalDistribution",
                            "parameters" : [
                                -0.016188793777857233,
                                0.14733180466848786
                            ],
                            "frozen" : false
                        },
                        {
                            "class" : "Distribution",
                            "name" : "NormalDistribution",
                            "parameters" : [
                                -0.05142560247517998,
                                0.013892013752639576
                            ],
                            "frozen" : false
                        },
                        {
                            "class" : "Distribution",
                            "name" : "NormalDistribution",
                            "parameters" : [
                                -0.05142560247517998,
                                0.013892013752639576
                            ],
                            "frozen" : false
                        },
                        {
                            "class" : "Distribution",
                            "name" : "NormalDistribution",
                            "parameters" : [
                                -0.05142560247517998,
                                0.013892013752639576
                            ],
                            "frozen" : false
                        },
                        {
                            "class" : "Distribution",
                            "name" : "NormalDistribution",
                            "parameters" : [
                                -0.05142560247517998,
                                0.013892013752639576
                            ],
                            "frozen" : false
                        },
                        {
                            "class" : "Distribution",
                            "name" : "NormalDistribution",
                            "parameters" : [
                                -0.05142560247814924,
                                0.01389201375365327
                            ],
                            "frozen" : false
                        },
                        {
                            "class" : "Distribution",
                            "name" : "NormalDistribution",
                            "parameters" : [
                                -0.04528203039023248,
                                0.014223479344680882
                            ],
                            "frozen" : false
                        },
                        {
                            "class" : "Distribution",
                            "name" : "NormalDistribution",
                            "parameters" : [
                                -0.010196105730310061,
                                0.016436020918112606
                            ],
                            "frozen" : false
                        },
                        {
                            "class" : "Distribution",
                            "name" : "NormalDistribution",
                            "parameters" : [
                                -0.004110784837645101,
                                0.014032427355284649
                            ],
                            "frozen" : false
                        },
                        {
                            "class" : "Distribution",
                            "name" : "NormalDistribution",
                            "parameters" : [
                                -0.004110784837648795,
                                0.014032427355279485
                            ],
                            "frozen" : false
                        },
                        {
                            "class" : "Distribution",
                            "name" : "NormalDistribution",
                            "parameters" : [
                                -0.004110784837648795,
                                0.014032427355279485
                            ],
                            "frozen" : false
                        },
                        {
                            "class" : "Distribution",
                            "name" : "NormalDistribution",
                            "parameters" : [
                                -0.004110784837648795,
                                0.014032427355279485
                            ],
                            "frozen" : false
                        },
                        {
                            "class" : "Distribution",
                            "name" : "NormalDistribution",
                            "parameters" : [
                                -0.004110784837648795,
                                0.014032427355279485
                            ],
                            "frozen" : false
                        }
                    ],
                    [
                        1.0,
                        1.0,
                        1.0,
                        1.0,
                        1.0,
                        1.0,
                        1.0,
                        1.0,
                        1.0,
                        1.0,
                        1.0,
                        1.0,
                        1.0,
                        1.0,
                        1.0,
                        1.0,
                        1.0,
                        1.0,
                        1.0,
                        1.0,
                        1.0,
                        1.0,
                        1.0,
                        1.0
                    ]
                ],
                "frozen" : false
            },
            "name" : "H3",
            "weight" : 1.0
        },
        {
            "class" : "State",
            "distribution" : {
                "class" : "Distribution",
                "name" : "IndependentComponentsDistribution",
                "parameters" : [
                    [
                        {
                            "class" : "Distribution",
                            "name" : "NormalDistribution",
                            "parameters" : [
                                0.04630957637180372,
                                0.1402537243939804
                            ],
                            "frozen" : false
                        },
                        {
                            "class" : "Distribution",
                            "name" : "NormalDistribution",
                            "parameters" : [
                                0.1410905635403236,
                                0.16457949444718142
                            ],
                            "frozen" : false
                        },
                        {
                            "class" : "Distribution",
                            "name" : "NormalDistribution",
                            "parameters" : [
                                -0.01981372567241184,
                                0.12687175095193695
                            ],
                            "frozen" : false
                        },
                        {
                            "class" : "Distribution",
                            "name" : "NormalDistribution",
                            "parameters" : [
                                0.028274540704954394,
                                0.13108755598997238
                            ],
                            "frozen" : false
                        },
                        {
                            "class" : "Distribution",
                            "name" : "NormalDistribution",
                            "parameters" : [
                                -0.0483179504224181,
                                0.14885726739144237
                            ],
                            "frozen" : false
                        },
                        {
                            "class" : "Distribution",
                            "name" : "NormalDistribution",
                            "parameters" : [
                                0.06791061502002409,
                                0.1492426766327792
                            ],
                            "frozen" : false
                        },
                        {
                            "class" : "Distribution",
                            "name" : "NormalDistribution",
                            "parameters" : [
                                -0.04260587164145315,
                                0.14949842268159713
                            ],
                            "frozen" : false
                        },
                        {
                            "class" : "Distribution",
                            "name" : "NormalDistribution",
                            "parameters" : [
                                0.01655483206064311,
                                0.1236164691441354
                            ],
                            "frozen" : false
                        },
                        {
                            "class" : "Distribution",
                            "name" : "NormalDistribution",
                            "parameters" : [
                                -0.054862629037545435,
                                0.12490804364246089
                            ],
                            "frozen" : false
                        },
                        {
                            "class" : "Distribution",
                            "name" : "NormalDistribution",
                            "parameters" : [
                                0.06425834374652237,
                                0.13066141080585186
                            ],
                            "frozen" : false
                        },
                        {
                            "class" : "Distribution",
                            "name" : "NormalDistribution",
                            "parameters" : [
                                -0.019096628797548944,
                                0.13130373424065742
                            ],
                            "frozen" : false
                        },
                        {
                            "class" : "Distribution",
                            "name" : "NormalDistribution",
                            "parameters" : [
                                0.04834364547220108,
                                0.11722174458336383
                            ],
                            "frozen" : false
                        },
                        {
                            "class" : "Distribution",
                            "name" : "NormalDistribution",
                            "parameters" : [
                                -0.01307073723023508,
                                0.016673856184498695
                            ],
                            "frozen" : false
                        },
                        {
                            "class" : "Distribution",
                            "name" : "NormalDistribution",
                            "parameters" : [
                                -0.01307073723023508,
                                0.016673856184498695
                            ],
                            "frozen" : false
                        },
                        {
                            "class" : "Distribution",
                            "name" : "NormalDistribution",
                            "parameters" : [
                                -0.01307073723023508,
                                0.016673856184498695
                            ],
                            "frozen" : false
                        },
                        {
                            "class" : "Distribution",
                            "name" : "NormalDistribution",
                            "parameters" : [
                                -0.01307073723023508,
                                0.016673856184498695
                            ],
                            "frozen" : false
                        },
                        {
                            "class" : "Distribution",
                            "name" : "NormalDistribution",
                            "parameters" : [
                                -0.013070737231520965,
                                0.016673856186116377
                            ],
                            "frozen" : false
                        },
                        {
                            "class" : "Distribution",
                            "name" : "NormalDistribution",
                            "parameters" : [
                                -0.007170048791768116,
                                0.01784164572866366
                            ],
                            "frozen" : false
                        },
                        {
                            "class" : "Distribution",
                            "name" : "NormalDistribution",
                            "parameters" : [
                                0.0007729109421595111,
                                0.016366670053185175
                            ],
                            "frozen" : false
                        },
                        {
                            "class" : "Distribution",
                            "name" : "NormalDistribution",
                            "parameters" : [
                                0.0024729847336850256,
                                0.015822202959598953
                            ],
                            "frozen" : false
                        },
                        {
                            "class" : "Distribution",
                            "name" : "NormalDistribution",
                            "parameters" : [
                                0.002472984733042083,
                                0.015822202958997948
                            ],
                            "frozen" : false
                        },
                        {
                            "class" : "Distribution",
                            "name" : "NormalDistribution",
                            "parameters" : [
                                0.002472984733042083,
                                0.015822202958997948
                            ],
                            "frozen" : false
                        },
                        {
                            "class" : "Distribution",
                            "name" : "NormalDistribution",
                            "parameters" : [
                                0.002472984733042083,
                                0.015822202958997948
                            ],
                            "frozen" : false
                        },
                        {
                            "class" : "Distribution",
                            "name" : "NormalDistribution",
                            "parameters" : [
                                0.002472984733042083,
                                0.015822202958997948
                            ],
                            "frozen" : false
                        }
                    ],
                    [
                        1.0,
                        1.0,
                        1.0,
                        1.0,
                        1.0,
                        1.0,
                        1.0,
                        1.0,
                        1.0,
                        1.0,
                        1.0,
                        1.0,
                        1.0,
                        1.0,
                        1.0,
                        1.0,
                        1.0,
                        1.0,
                        1.0,
                        1.0,
                        1.0,
                        1.0,
                        1.0,
                        1.0
                    ]
                ],
                "frozen" : false
            },
            "name" : "H4",
            "weight" : 1.0
        },
        {
            "class" : "State",
            "distribution" : null,
            "name" : "None-start",
            "weight" : 1.0
        },
        {
            "class" : "State",
            "distribution" : null,
            "name" : "None-end",
            "weight" : 1.0
        }
    ],
    "end_index" : 6,
    "start_index" : 5,
    "silent_index" : 5,
    "edges" : [
        [
            5,
            0,
            1.0,
            1,
            null
        ],
        [
            0,
            0,
            0.0,
            0.5,
            null
        ],
        [
            0,
            1,
            1.0,
            0.5,
            null
        ],
        [
            1,
            1,
            0.6437211809878456,
            0.5,
            null
        ],
        [
            1,
            2,
            0.35627881901215447,
            0.5,
            null
        ],
        [
            2,
            2,
            0.6019580425935879,
            0.5,
            null
        ],
        [
            2,
            3,
            0.39804195740641224,
            0.5,
            null
        ],
        [
            3,
            3,
            0.6764446290316433,
            0.5,
            null
        ],
        [
            3,
            4,
            0.3235553709683567,
            0.5,
            null
        ],
        [
            4,
            4,
            0.7262750355042432,
            0.5,
            null
        ],
        [
            4,
            6,
            0.2737249644957569,
            0.5,
            null
        ]
    ],
    "distribution ties" : []
}