{
    "class" : "HiddenMarkovModel",
    "name" : "None",
    "start" : {
        "class" : "State",
        "distribution" : null,
        "name" : "None-start",
        "weight" : 1.0
    },
    "end" : {
        "class" : "State",
        "distribution" : null,
        "name" : "None-end",
        "weight" : 1.0
    },
    "states" : [
        {
            "class" : "State",
            "distribution" : {
                "class" : "Distribution",
                "name" : "IndependentComponentsDistribution",
                "parameters" : [
                    [
                        {
                            "class" : "Distribution",
                            "name" : "NormalDistribution",
                            "parameters" : [
                                0.0031917645334492315,
                                0.016198500296589945
                            ],
                            "frozen" : false
                        },
                        {
                            "class" : "Distribution",
                            "name" : "NormalDistribution",
                            "parameters" : [
                                0.002604203638755161,
                                0.01260027880311509
                            ],
                            "frozen" : false
                        },
                        {
                            "class" : "Distribution",
                            "name" : "NormalDistribution",
                            "parameters" : [
                                0.0019896595024753694,
                                0.012713307171252401
                            ],
                            "frozen" : false
                        },
                        {
                            "class" : "Distribution",
                            "name" : "NormalDistribution",
                            "parameters" : [
                                0.00895405400910619,
                                0.02514981322866938
                            ],
                            "frozen" : false
                        },
                        {
                            "class" : "Distribution",
                            "name" : "NormalDistribution",
                            "parameters" : [
                                0.01942361684483155,
                                0.04459841016846846
                            ],
                            "frozen" : false
                        },
                        {
                            "class" : "Distribution",
                            "name" : "NormalDistribution",
                            "parameters" : [
                                0.025879574684598977,
                                0.05428853315959426
                            ],
                            "frozen" : false
                        },
                        {
                            "class" : "Distribution",
                            "name" : "NormalDistribution",
                            "parameters" : [
                                0.032919810797192396,
                                0.06139678145809647
                            ],
                            "frozen" : false
                        },
                        {
                            "class" : "Distribution",
                            "name" : "NormalDistribution",
                            "parameters" : [
                                0.04223964890658252,
                                0.06927205753820745
                            ],
                            "frozen" : false
                        },
                        {
                            "class" : "Distribution",
                            "name" : "NormalDistribution",
                            "parameters" : [
                                0.05289497362972907,
                                0.07806001611951426
                            ],
                            "frozen" : false
                        },
                        {
                            "class" : "Distribution",
                            "name" : "NormalDistribution",
                            "parameters" : [
                                0.06312768893251267,
                                0.08418697585567056
                            ],
                            "frozen" : false
                        },
                        {
                            "class" : "Distribution",
                            "name" : "NormalDistribution",
                            "parameters" : [
                                0.07192593130487827,
                                0.08987838345321778
                            ],
                            "frozen" : false
                        },
                        {
                            "class" : "Distribution",
                            "name" : "NormalDistribution",
                            "parameters" : [
                                0.0772831936747079,
                                0.09412647258702381
                            ],
                            "frozen" : false
                        }
                    ],
                    [
                        1.0,
                        1.0,
                        1.0,
                        1.0,
                        1.0,
                        1.0,
                        1.0,
                        1.0,
                        1.0,
                        1.0,
                        1.0,
                        1.0
                    ]
                ],
                "frozen" : false
            },
            "name" : "H0",
            "weight" : 1.0
        },
        {
            "class" : "State",
            "distribution" : {
                "class" : "Distribution",
                "name" : "IndependentComponentsDistribution",
                "parameters" : [
                    [
                        {
                            "class" : "Distribution",
                            "name" : "NormalDistribution",
                            "parameters" : [
                                0.08424909836694694,
                                0.0894338361075976
                            ],
                            "frozen" : false
                        },
                        {
                            "class" : "Distribution",
                            "name" : "NormalDistribution",
                            "parameters" : [
                                0.08297102143365055,
                                0.08997959352197177
                            ],
                            "frozen" : false
                        },
                        {
                            "class" : "Distribution",
                            "name" : "NormalDistribution",
                            "parameters" : [
                                0.08172150081785479,
                                0.0899695075378973
                            ],
                            "frozen" : false
                        },
                        {
                            "class" : "Distribution",
                            "name" : "NormalDistribution",
                            "parameters" : [
                                0.07949462578133876,
                                0.0904507410591637
                            ],
                            "frozen" : false
                        },
                        {
                            "class" : "Distribution",
                            "name" : "NormalDistribution",
                            "parameters" : [
                                0.07549012196715937,
                                0.09081349707363848
                            ],
                            "frozen" : false
                        },
                        {
                            "class" : "Distribution",
                            "name" : "NormalDistribution",
                            "parameters" : [
                                0.07050000538461143,
                                0.09064913265547137
                            ],
                            "frozen" : false
                        },
                        {
                            "class" : "Distribution",
                            "name" : "NormalDistribution",
                            "parameters" : [
                                0.06641367760903263,
                                0.08928661425290987
                            ],
                            "frozen" : false
                        },
                        {
                            "class" : "Distribution",
                            "name" : "NormalDistribution",
                            "parameters" : [
                                0.06412821010426317,
                                0.08647188294054577
                            ],
                            "frozen" : false
                        },
                        {
                            "class" : "Distribution",
                            "name" : "NormalDistribution",
                            "parameters" : [
                                0.06105886578076617,
                                0.08275569631651401
                            ],
                            "frozen" : false
                        },
                        {
                            "class" : "Distribution",
                            "name" : "NormalDistribution",
                            "parameters" : [
                                0.054955204707933115,
                                0.07734240772622672
                            ],
                            "frozen" : false
                        },
                        {
                            "class" : "Distribution",
                            "name" : "NormalDistribution",
                            "parameters" : [
                                0.04991675753586232,
                                0.07250491245208
                            ],
                            "frozen" : false
                        },
                        {
                            "class" : "Distribution",
                            "name" : "NormalDistribution",
                            "parameters" : [
                                0.04703740199163253,
                                0.06961590599377598
                            ],
                            "frozen" : false
                        }
                    ],
                    [
                        1.0,
                        1.0,
                        1.0,
                        1.0,
                        1.0,
                        1.0,
                        1.0,
                        1.0,
                        1.0,
                        1.0,
                        1.0,
                        1.0
                    ]
                ],
                "frozen" : false
            },
            "name" : "H1",
            "weight" : 1.0
        },
        {
            "class" : "State",
            "distribution" : {
                "class" : "Distribution",
                "name" : "IndependentComponentsDistribution",
                "parameters" : [
                    [
                        {
                            "class" : "Distribution",
                            "name" : "NormalDistribution",
                            "parameters" : [
                                0.010788085247977443,
                                0.033145149542364
                            ],
                            "frozen" : false
                        },
                        {
                            "class" : "Distribution",
                            "name" : "NormalDistribution",
                            "parameters" : [
                                0.007635338792723844,
                                0.027893454856510843
                            ],
                            "frozen" : false
                        },
                        {
                            "class" : "Distribution",
                            "name" : "NormalDistribution",
                            "parameters" : [
                                0.007232712690217406,
                                0.025438464812642822
                            ],
                            "frozen" : false
                        },
                        {
                            "class" : "Distribution",
                            "name" : "NormalDistribution",
                            "parameters" : [
                                0.008172823756837009,
                                0.02537511585382113
                            ],
                            "frozen" : false
                        },
                        {
                            "class" : "Distribution",
                            "name" : "NormalDistribution",
                            "parameters" : [
                                0.008016199186018612,
                                0.02557059622535492
                            ],
                            "frozen" : false
                        },
                        {
                            "class" : "Distribution",
                            "name" : "NormalDistribution",
                            "parameters" : [
                                0.005941075854924935,
                                0.024668972880098193
                            ],
                            "frozen" : false
                        },
                        {
                            "class" : "Distribution",
                            "name" : "NormalDistribution",
                            "parameters" : [
                                0.006069407795778371,
                                0.024998324062350995
                            ],
                            "frozen" : false
                        },
                        {
                            "class" : "Distribution",
                            "name" : "NormalDistribution",
                            "parameters" : [
                                0.00748946351933922,
                                0.0263440193342041
                            ],
                            "frozen" : false
                        },
                        {
                            "class" : "Distribution",
                            "name" : "NormalDistribution",
                            "parameters" : [
                                0.008410865049988217,
                                0.028442930651365442
                            ],
                            "frozen" : false
                        },
                        {
                            "class" : "Distribution",
                            "name" : "NormalDistribution",
                            "parameters" : [
                                0.008283231056192398,
                                0.02690686052650559
                            ],
                            "frozen" : false
                        },
                        {
                            "class" : "Distribution",
                            "name" : "NormalDistribution",
                            "parameters" : [
                                0.0091487143587318,
                                0.02732200029812742
                            ],
                            "frozen" : false
                        },
                        {
                            "class" : "Distribution",
                            "name" : "NormalDistribution",
                            "parameters" : [
                                0.010198818053579976,
                                0.030534467303886554
                            ],
                            "frozen" : false
                        }
                    ],
                    [
                        1.0,
                        1.0,
                        1.0,
                        1.0,
                        1.0,
                        1.0,
                        1.0,
                        1.0,
                        1.0,
                        1.0,
                        1.0,
                        1.0
                    ]
                ],
                "frozen" : false
            },
            "name" : "H2",
            "weight" : 1.0
        },
        {
            "class" : "State",
            "distribution" : {
                "class" : "Distribution",
                "name" : "IndependentComponentsDistribution",
                "parameters" : [
                    [
                        {
                            "class" : "Distribution",
                            "name" : "NormalDistribution",
                            "parameters" : [
                                -0.0025246542757934197,
                                0.06476504867059146
                            ],
                            "frozen" : false
                        },
                        {
                            "class" : "Distribution",
                            "name" : "NormalDistribution",
                            "parameters" : [
                                0.002962939602921037,
                                0.05818539452824698
                            ],
                            "frozen" : false
                        },
                        {
                            "class" : "Distribution",
                            "name" : "NormalDistribution",
                            "parameters" : [
                                0.0062416287449186605,
                                0.056187286498149684
                            ],
                            "frozen" : false
                        },
                        {
                            "class" : "Distribution",
                            "name" : "NormalDistribution",
                            "parameters" : [
                                0.007351100174932906,
                                0.056966847640127764
                            ],
                            "frozen" : false
                        },
                        {
                            "class" : "Distribution",
                            "name" : "NormalDistribution",
                            "parameters" : [
                                0.004767042733697329,
                                0.060650934723047584
                            ],
                            "frozen" : false
                        },
                        {
                            "class" : "Distribution",
                            "name" : "NormalDistribution",
                            "parameters" : [
                                6.9914236438899e-05,
                                0.06603622088248531
                            ],
                            "frozen" : false
                        },
                        {
                            "class" : "Distribution",
                            "name" : "NormalDistribution",
                            "parameters" : [
                                -0.007071159725972362,
                                0.07337449053514504
                            ],
                            "frozen" : false
                        },
                        {
                            "class" : "Distribution",
                            "name" : "NormalDistribution",
                            "parameters" : [
                                -0.014583585252084098,
                                0.08019918578225532
                            ],
                            "frozen" : false
                        },
                        {
                            "class" : "Distribution",
                            "name" : "NormalDistribution",
                            "parameters" : [
                                -0.023401492827907162,
                                0.08608084671716794
                            ],
                            "frozen" : false
                        },
                        {
                            "class" : "Distribution",
                            "name" : "NormalDistribution",
                            "parameters" : [
                                -0.03242545017219573,
                                0.09144373041086076
                            ],
                            "frozen" : false
                        },
                        {
                            "class" : "Distribution",
                            "name" : "NormalDistribution",
                            "parameters" : [
                                -0.038485480542690687,
                                0.09694930769200834
                            ],
                            "frozen" : false
                        },
                        {
                            "class" : "Distribution",
                            "name" : "NormalDistribution",
                            "parameters" : [
                                -0.039185107167867696,
                                0.09931017356224449
                            ],
                            "frozen" : false
                        }
                    ],
                    [
                        1.0,
                        1.0,
                        1.0,
                        1.0,
                        1.0,
                        1.0,
                        1.0,
                        1.0,
                        1.0,
                        1.0,
                        1.0,
                        1.0
                    ]
                ],
                "frozen" : false
            },
            "name" : "H3",
            "weight" : 1.0
        },
        {
            "class" : "State",
            "distribution" : {
                "class" : "Distribution",
                "name" : "IndependentComponentsDistribution",
                "parameters" : [
                    [
                        {
                            "class" : "Distribution",
                            "name" : "NormalDistribution",
                            "parameters" : [
                                -0.11887946002522823,
                                0.12063988618293464
                            ],
                            "frozen" : false
                        },
                        {
                            "class" : "Distribution",
                            "name" : "NormalDistribution",
                            "parameters" : [
                                -0.12439696152798418,
                                0.11731815108242463
                            ],
                            "frozen" : false
                        },
                        {
                            "class" : "Distribution",
                            "name" : "NormalDistribution",
                            "parameters" : [
                                -0.1172989703135031,
                                0.11522103180707852
                            ],
                            "frozen" : false
                        },
                        {
                            "class" : "Distribution",
                            "name" : "NormalDistribution",
                            "parameters" : [
                                -0.10092544711432617,
                                0.11552650593288795
                            ],
                            "frozen" : false
                        },
                        {
                            "class" : "Distribution",
                            "name" : "NormalDistribution",
                            "parameters" : [
                                -0.07897470315458914,
                                0.11676301367559422
                            ],
                            "frozen" : false
                        },
                        {
                            "class" : "Distribution",
                            "name" : "NormalDistribution",
                            "parameters" : [
                                -0.05455189255001442,
                                0.11515388232433552
                            ],
                            "frozen" : false
                        },
                        {
                            "class" : "Distribution",
                            "name" : "NormalDistribution",
                            "parameters" : [
                                -0.03463427262308606,
                                0.10979592972540127
                            ],
                            "frozen" : false
                        },
                        {
                            "class" : "Distribution",
                            "name" : "NormalDistribution",
                            "parameters" : [
                                -0.018570728065848082,
                                0.10043120228590637
                            ],
                            "frozen" : false
                        },
                        {
                            "class" : "Distribution",
                            "name" : "NormalDistribution",
                            "parameters" : [
                                -0.008319911568875574,
                                0.08501008439598189
                            ],
                            "frozen" : false
                        },
                        {
                            "class" : "Distribution",
                            "name" : "NormalDistribution",
                            "parameters" : [
                                0.0009346879806665624,
                                0.06932436023283871
                            ],
                            "frozen" : false
                        },
                        {
                            "class" : "Distribution",
                            "name" : "NormalDistribution",
                            "parameters" : [
                                0.008109453369886022,
                                0.05660437638654662
                            ],
                            "frozen" : false
                        },
                        {
                            "class" : "Distribution",
                            "name" : "NormalDistribution",
                            "parameters" : [
                                0.00786026150167945,
                                0.049969243544380405
                            ],
                            "frozen" : false
                        }
                    ],
                    [
                        1.0,
                        1.0,
                        1.0,
                        1.0,
                        1.0,
                        1.0,
                        1.0,
                        1.0,
                        1.0,
                        1.0,
                        1.0,
                        1.0
                    ]
                ],
                "frozen" : false
            },
            "name" : "H4",
            "weight" : 1.0
        },
        {
            "class" : "State",
            "distribution" : {
                "class" : "Distribution",
                "name" : "IndependentComponentsDistribution",
                "parameters" : [
                    [
                        {
                            "class" : "Distribution",
                            "name" : "NormalDistribution",
                            "parameters" : [
                                0.006871768364727884,
                                0.031602569248938624
                            ],
                            "frozen" : false
                        },
                        {
                            "class" : "Distribution",
                            "name" : "NormalDistribution",
                            "parameters" : [
                                0.0063329109668380165,
                                0.026360375661702042
                            ],
                            "frozen" : false
                        },
                        {
                            "class" : "Distribution",
                            "name" : "NormalDistribution",
                            "parameters" : [
                                0.005879296305049794,
                                0.02573300615230009
                            ],
                            "frozen" : false
                        },
                        {
                            "class" : "Distribution",
                            "name" : "NormalDistribution",
                            "parameters" : [
                                0.007185276934156617,
                                0.027322979849600113
                            ],
                            "frozen" : false
                        },
                        {
                            "class" : "Distribution",
                            "name" : "NormalDistribution",
                            "parameters" : [
                                0.005381420870504697,
                                0.026672728721212655
                            ],
                            "frozen" : false
                        },
                        {
                            "class" : "Distribution",
                            "name" : "NormalDistribution",
                            "parameters" : [
                                0.00572364808428469,
                                0.024955381590683137
                            ],
                            "frozen" : false
                        },
                        {
                            "class" : "Distribution",
                            "name" : "NormalDistribution",
                            "parameters" : [
                                0.006467528341847271,
                                0.025349930110880756
                            ],
                            "frozen" : false
                        },
                        {
                            "class" : "Distribution",
                            "name" : "NormalDistribution",
                            "parameters" : [
                                0.007633574713656089,
                                0.027820162289575352
                            ],
                            "frozen" : false
                        },
                        {
                            "class" : "Distribution",
                            "name" : "NormalDistribution",
                            "parameters" : [
                                0.008820737448917256,
                                0.029981437957569333
                            ],
                            "frozen" : false
                        },
                        {
                            "class" : "Distribution",
                            "name" : "NormalDistribution",
                            "parameters" : [
                                0.006982420990098321,
                                0.03256478317404393
                            ],
                            "frozen" : false
                        },
                        {
                            "class" : "Distribution",
                            "name" : "NormalDistribution",
                            "parameters" : [
                                0.004128652832555426,
                                0.03856084202793363
                            ],
                            "frozen" : false
                        },
                        {
                            "class" : "Distribution",
                            "name" : "NormalDistribution",
                            "parameters" : [
                                -0.004461421682892031,
                                0.049242442264136835
                            ],
                            "frozen" : false
                        }
                    ],
                    [
                        1.0,
                        1.0,
                        1.0,
                        1.0,
                        1.0,
                        1.0,
                        1.0,
                        1.0,
                        1.0,
                        1.0,
                        1.0,
                        1.0
                    ]
                ],
                "frozen" : false
            },
            "name" : "H5",
            "weight" : 1.0
        },
        {
            "class" : "State",
            "distribution" : {
                "class" : "Distribution",
                "name" : "IndependentComponentsDistribution",
                "parameters" : [
                    [
                        {
                            "class" : "Distribution",
                            "name" : "NormalDistribution",
                            "parameters" : [
                                -0.051583940193368386,
                                0.10027043811718934
                            ],
                            "frozen" : false
                        },
                        {
                            "class" : "Distribution",
                            "name" : "NormalDistribution",
                            "parameters" : [
                                -0.06431445680303388,
                                0.102613114276146
                            ],
                            "frozen" : false
                        },
                        {
                            "class" : "Distribution",
                            "name" : "NormalDistribution",
                            "parameters" : [
                                -0.07738403644814949,
                                0.10736444028804075
                            ],
                            "frozen" : false
                        },
                        {
                            "class" : "Distribution",
                            "name" : "NormalDistribution",
                            "parameters" : [
                                -0.08789410400547679,
                                0.11180761326895423
                            ],
                            "frozen" : false
                        },
                        {
                            "class" : "Distribution",
                            "name" : "NormalDistribution",
                            "parameters" : [
                                -0.09452767657466628,
                                0.1121176327123741
                            ],
                            "frozen" : false
                        },
                        {
                            "class" : "Distribution",
                            "name" : "NormalDistribution",
                            "parameters" : [
                                -0.09247925064949948,
                                0.11251514248524538
                            ],
                            "frozen" : false
                        },
                        {
                            "class" : "Distribution",
                            "name" : "NormalDistribution",
                            "parameters" : [
                                -0.08472795361268017,
                                0.11470070535087595
                            ],
                            "frozen" : false
                        },
                        {
                            "class" : "Distribution",
                            "name" : "NormalDistribution",
                            "parameters" : [
                                -0.07574296220632853,
                                0.11975370898016839
                            ],
                            "frozen" : false
                        },
                        {
                            "class" : "Distribution",
                            "name" : "NormalDistribution",
                            "parameters" : [
                                -0.06842300718103277,
                                0.12131109440292089
                            ],
                            "frozen" : false
                        },
                        {
                            "class" : "Distribution",
                            "name" : "NormalDistribution",
                            "parameters" : [
                                -0.06233856889006671,
                                0.11852829003248011
                            ],
                            "frozen" : false
                        },
                        {
                            "class" : "Distribution",
                            "name" : "NormalDistribution",
                            "parameters" : [
                                -0.053826099308184404,
                                0.11486032093565055
                            ],
                            "frozen" : false
                        },
                        {
                            "class" : "Distribution",
                            "name" : "NormalDistribution",
                            "parameters" : [
                                -0.04322311445495042,
                                0.10745990814234652
                            ],
                            "frozen" : false
                        }
                    ],
                    [
                        1.0,
                        1.0,
                        1.0,
                        1.0,
                        1.0,
                        1.0,
                        1.0,
                        1.0,
                        1.0,
                        1.0,
                        1.0,
                        1.0
                    ]
                ],
                "frozen" : false
            },
            "name" : "H6",
            "weight" : 1.0
        },
        {
            "class" : "State",
            "distribution" : {
                "class" : "Distribution",
                "name" : "IndependentComponentsDistribution",
                "parameters" : [
                    [
                        {
                            "class" : "Distribution",
                            "name" : "NormalDistribution",
                            "parameters" : [
                                -0.0024502382575887073,
                                0.050562383253645704
                            ],
                            "frozen" : false
                        },
                        {
                            "class" : "Distribution",
                            "name" : "NormalDistribution",
                            "parameters" : [
                                -0.00043416200478344695,
                                0.04562438982740241
                            ],
                            "frozen" : false
                        },
                        {
                            "class" : "Distribution",
                            "name" : "NormalDistribution",
                            "parameters" : [
                                0.0005832206227939097,
                                0.0427807179890337
                            ],
                            "frozen" : false
                        },
                        {
                            "class" : "Distribution",
                            "name" : "NormalDistribution",
                            "parameters" : [
                                0.0009237263025145682,
                                0.04144579658159625
                            ],
                            "frozen" : false
                        },
                        {
                            "class" : "Distribution",
                            "name" : "NormalDistribution",
                            "parameters" : [
                                0.0008224575828815296,
                                0.04171913700416395
                            ],
                            "frozen" : false
                        },
                        {
                            "class" : "Distribution",
                            "name" : "NormalDistribution",
                            "parameters" : [
                                0.0007251477292749145,
                                0.040829076901327546
                            ],
                            "frozen" : false
                        },
                        {
                            "class" : "Distribution",
                            "name" : "NormalDistribution",
                            "parameters" : [
                                0.0008158936109702637,
                                0.04005392742772843
                            ],
                            "frozen" : false
                        },
                        {
                            "class" : "Distribution",
                            "name" : "NormalDistribution",
                            "parameters" : [
                                0.0001533195408371902,
                                0.041198132110433036
                            ],
                            "frozen" : false
                        },
                        {
                            "class" : "Distribution",
                            "name" : "NormalDistribution",
                            "parameters" : [
                                -0.0007973891851545008,
                                0.04262436274982765
                            ],
                            "frozen" : false
                        },
                        {
                            "class" : "Distribution",
                            "name" : "NormalDistribution",
                            "parameters" : [
                                -0.001058529593164524,
                                0.04236078917190433
                            ],
                            "frozen" : false
                        },
                        {
                            "class" : "Distribution",
                            "name" : "NormalDistribution",
                            "parameters" : [
                                -0.0014197053470754904,
                                0.04145420990825522
                            ],
                            "frozen" : false
                        },
                        {
                            "class" : "Distribution",
                            "name" : "NormalDistribution",
                            "parameters" : [
                                -0.0015918693856557522,
                                0.04453323507791115
                            ],
                            "frozen" : false
                        }
                    ],
                    [
                        1.0,
                        1.0,
                        1.0,
                        1.0,
                        1.0,
                        1.0,
                        1.0,
                        1.0,
                        1.0,
                        1.0,
                        1.0,
                        1.0
                    ]
                ],
                "frozen" : false
            },
            "name" : "H7",
            "weight" : 1.0
        },
        {
            "class" : "State",
            "distribution" : {
                "class" : "Distribution",
                "name" : "IndependentComponentsDistribution",
                "parameters" : [
                    [
                        {
                            "class" : "Distribution",
                            "name" : "NormalDistribution",
                            "parameters" : [
                                -0.027663007253123418,
                                0.07304342684563764
                            ],
                            "frozen" : false
                        },
                        {
                            "class" : "Distribution",
                            "name" : "NormalDistribution",
                            "parameters" : [
                                -0.02866193701395199,
                                0.07238625087730378
                            ],
                            "frozen" : false
                        },
                        {
                            "class" : "Distribution",
                            "name" : "NormalDistribution",
                            "parameters" : [
                                -0.02873630922351296,
                                0.07022258977434677
                            ],
                            "frozen" : false
                        },
                        {
                            "class" : "Distribution",
                            "name" : "NormalDistribution",
                            "parameters" : [
                                -0.028613975656396767,
                                0.0702956026770685
                            ],
                            "frozen" : false
                        },
                        {
                            "class" : "Distribution",
                            "name" : "NormalDistribution",
                            "parameters" : [
                                -0.029887735848891154,
                                0.07274886284758797
                            ],
                            "frozen" : false
                        },
                        {
                            "class" : "Distribution",
                            "name" : "NormalDistribution",
                            "parameters" : [
                                -0.030615881049933732,
                                0.07403595336447888
                            ],
                            "frozen" : false
                        },
                        {
                            "class" : "Distribution",
                            "name" : "NormalDistribution",
                            "parameters" : [
                                -0.031648345383917156,
                                0.07605112150163812
                            ],
                            "frozen" : false
                        },
                        {
                            "class" : "Distribution",
                            "name" : "NormalDistribution",
                            "parameters" : [
                                -0.03238013896886594,
                                0.07804246795064687
                            ],
                            "frozen" : false
                        },
                        {
                            "class" : "Distribution",
                            "name" : "NormalDistribution",
                            "parameters" : [
                                -0.031606417138217754,
                                0.07962131368719333
                            ],
                            "frozen" : false
                        },
                        {
                            "class" : "Distribution",
                            "name" : "NormalDistribution",
                            "parameters" : [
                                -0.029956390582810476,
                                0.07848925252891589
                            ],
                            "frozen" : false
                        },
                        {
                            "class" : "Distribution",
                            "name" : "NormalDistribution",
                            "parameters" : [
                                -0.02857656934784679,
                                0.0767936999095052
                            ],
                            "frozen" : false
                        },
                        {
                            "class" : "Distribution",
                            "name" : "NormalDistribution",
                            "parameters" : [
                                -0.02777170327850523,
                                0.07633938855672452
                            ],
                            "frozen" : false
                        }
                    ],
                    [
                        1.0,
                        1.0,
                        1.0,
                        1.0,
                        1.0,
                        1.0,
                        1.0,
                        1.0,
                        1.0,
                        1.0,
                        1.0,
                        1.0
                    ]
                ],
                "frozen" : false
            },
            "name" : "H8",
            "weight" : 1.0
        },
        {
            "class" : "State",
            "distribution" : {
                "class" : "Distribution",
                "name" : "IndependentComponentsDistribution",
                "parameters" : [
                    [
                        {
                            "class" : "Distribution",
                            "name" : "NormalDistribution",
                            "parameters" : [
                                0.015888314324777202,
                                0.06167433308597345
                            ],
                            "frozen" : false
                        },
                        {
                            "class" : "Distribution",
                            "name" : "NormalDistribution",
                            "parameters" : [
                                0.016224021507389167,
                                0.06071442088560522
                            ],
                            "frozen" : false
                        },
                        {
                            "class" : "Distribution",
                            "name" : "NormalDistribution",
                            "parameters" : [
                                0.016865351415477244,
                                0.059878433767261305
                            ],
                            "frozen" : false
                        },
                        {
                            "class" : "Distribution",
                            "name" : "NormalDistribution",
                            "parameters" : [
                                0.017213852545851088,
                                0.06044416671867661
                            ],
                            "frozen" : false
                        },
                        {
                            "class" : "Distribution",
                            "name" : "NormalDistribution",
                            "parameters" : [
                                0.016927315776535817,
                                0.05949994610588245
                            ],
                            "frozen" : false
                        },
                        {
                            "class" : "Distribution",
                            "name" : "NormalDistribution",
                            "parameters" : [
                                0.016973247520124534,
                                0.05835026697604341
                            ],
                            "frozen" : false
                        },
                        {
                            "class" : "Distribution",
                            "name" : "NormalDistribution",
                            "parameters" : [
                                0.017244934833900383,
                                0.05725824331209352
                            ],
                            "frozen" : false
                        },
                        {
                            "class" : "Distribution",
                            "name" : "NormalDistribution",
                            "parameters" : [
                                0.01712356623070139,
                                0.05709844841499808
                            ],
                            "frozen" : false
                        },
                        {
                            "class" : "Distribution",
                            "name" : "NormalDistribution",
                            "parameters" : [
                                0.01678511139768525,
                                0.05736919078477529
                            ],
                            "frozen" : false
                        },
                        {
                            "class" : "Distribution",
                            "name" : "NormalDistribution",
                            "parameters" : [
                                0.01523052978768506,
                                0.05693350088074698
                            ],
                            "frozen" : false
                        },
                        {
                            "class" : "Distribution",
                            "name" : "NormalDistribution",
                            "parameters" : [
                                0.015560284713259192,
                                0.05708816520545489
                            ],
                            "frozen" : false
                        },
                        {
                            "class" : "Distribution",
                            "name" : "NormalDistribution",
                            "parameters" : [
                                0.015717086214852443,
                                0.05898824984917637
                            ],
                            "frozen" : false
                        }
                    ],
                    [
                        1.0,
                        1.0,
                        1.0,
                        1.0,
                        1.0,
                        1.0,
                        1.0,
                        1.0,
                        1.0,
                        1.0,
                        1.0,
                        1.0
                    ]
                ],
                "frozen" : false
            },
            "name" : "H9",
            "weight" : 1.0
        },
        {
            "class" : "State",
            "distribution" : null,
            "name" : "None-start",
            "weight" : 1.0
        },
        {
            "class" : "State",
            "distribution" : null,
            "name" : "None-end",
            "weight" : 1.0
        }
    ],
    "end_index" : 11,
    "start_index" : 10,
    "silent_index" : 10,
    "edges" : [
        [
            10,
            0,
            1.0,
            1,
            null
        ],
        [
            0,
            0,
            0.24618267252410422,
            0.5,
            null
        ],
        [
            0,
            1,
            0.7538173274758958,
            0.5,
            null
        ],
        [
            1,
            1,
            0.5422872230225234,
            0.5,
            null
        ],
        [
            1,
            2,
            0.45771277697747664,
            0.5,
            null
        ],
        [
            2,
            2,
            0.5452079689643463,
            0.5,
            null
        ],
        [
            2,
            3,
            0.45479203103565374,
            0.5,
            null
        ],
        [
            3,
            3,
            0.7594428072714805,
            0.5,
            null
        ],
        [
            3,
            4,
            0.2405571927285196,
            0.5,
            null
        ],
        [
            4,
            4,
            0.12481028879390611,
            0.5,
            null
        ],
        [
            4,
            5,
            0.8751897112060939,
            0.5,
            null
        ],
        [
            5,
            5,
            0.46457172716155265,
            0.5,
            null
        ],
        [
            5,
            6,
            0.5354282728384473,
            0.5,
            null
        ],
        [
            6,
            6,
            0.4465225470675653,
            0.5,
            null
        ],
        [
            6,
            7,
            0.5534774529324348,
            0.5,
            null
        ],
        [
            7,
            7,
            0.8192295703817021,
            0.5,
            null
        ],
        [
            7,
            8,
            0.1807704296182979,
            0.5,
            null
        ],
        [
            8,
            8,
            0.8530028639916524,
            0.5,
            null
        ],
        [
            8,
            9,
            0.14699713600834752,
            0.5,
            null
        ],
        [
            9,
            9,
            0.9044023510555214,
            0.5,
            null
        ],
        [
            9,
            11,
            0.09559764894447856,
            0.5,
            null
        ]
    ],
    "distribution ties" : []
}